{"64": 15.558728588938303, "16": 8.252085519013198, "4": 5.584050695039235}
