{"exec": {"64": 10.187603534094558, "16": 6.6987225214065225, "4": 6.287939386884587}, "completion": {"64": 37.57984775865907, "16": 11.866860428534691, "4": 6.752293670431083}}
