{"exec": {"64": 10.282357104147193, "16": 6.900863887982532, "4": 6.617086969555518}, "completion": {"64": 34.55546270294949, "16": 12.657123595895257, "4": 7.048133233429988}}
