{"exec": {"64": 10.659594092607009, "16": 6.956485270561681, "4": 6.917512639679696}, "completion": {"64": 29.547642067604386, "16": 12.217977526954886, "4": 7.555298515274146}}
