{"64": 13.921420102055217, "16": 9.663203901203742, "4": 2.67243843280106}
