{"exec": {"64": 10.325858046297114, "16": 6.992415838796602, "4": 5.827844418503078}, "completion": {"64": 17.946478454725963, "16": 9.952610599013772, "4": 6.484451044346316}}
