{"exec": {"64": 10.87998259254448, "16": 6.921968915375805, "4": 6.705832699626438}, "completion": {"64": 82.32815732222588, "16": 10.842864613953921, "4": 7.155480302517}}
