{"exec": {"16": 6.436713818912138, "4": 6.9760869238042105}, "completion": {"16": 12.04663566289012, "4": 7.462308762596126}}
