{"exec": {"64": 11.256354446241147, "16": 6.550230740641287, "4": 6.6223447616196625}, "completion": {"64": 66.75784725833478, "16": 12.207303876997694, "4": 6.938397582259043}}
