{"64": 15.72582737927435, "16": 8.365970361890108, "4": 5.267235725634941}
