{"exec": {"64": 10.60620095495689, "16": 6.715620393525732, "4": 6.6318642696938355}, "completion": {"64": 49.24403187695067, "16": 11.233678292739851, "4": 7.024045352475157}}
