{"64": 15.979766053364123, "16": 8.79956204600486, "4": 3.8350601687863186}
