{"exec": {"64": 11.792469691949437, "16": 6.858243071968631, "4": 6.00117260492242}, "completion": {"64": 25.197598721151508, "16": 10.15606298109609, "4": 6.640167151149499}}
