{"64": 15.386039369496523, "16": 7.191209305175862, "4": 6.824066387076974}
