{"exec": {"64": 12.276275214066363, "16": 7.037388562579202, "4": 6.942580972910951}, "completion": {"64": 56.06392962377402, "16": 13.026508579788233, "4": 7.319099329461168}}
