{"64": 14.270625806091203, "16": 7.309679991254453, "4": 5.306332575777982}
