{"exec": {"64": 10.378172370227972, "16": 6.916076812943814, "4": 7.131900270172317}, "completion": {"64": 49.015461831514024, "16": 11.127612157672012, "4": 7.527001314620534}}
