{"64": 14.248637020405473, "16": 8.262356924017357, "4": 5.8781907754824605}
