{"exec": {"64": 10.278442234372182, "16": 6.373347711705799, "4": 6.509518438860278}, "completion": {"64": 63.875539453556506, "16": 11.565280837893301, "4": 6.8487896395790315}}
