{"exec": {"64": 9.333914175841752, "16": 6.918711311020372, "4": 6.9309520410217775}, "completion": {"64": 34.39079184636137, "16": 12.96476511062797, "4": 7.4072462327376005}}
