{"64": 15.566162340914179, "16": 7.702184485689952, "4": 5.496346583739371}
