{"64": 15.380421132284098, "16": 8.367114810153844, "4": 5.583924094592939}
