{"exec": {"64": 10.705976311141049, "16": 6.283558965215039, "4": 6.511337361566058}, "completion": {"64": 69.6288567384712, "16": 11.05752219058653, "4": 6.751702781276206}}
