{"exec": {"64": 10.606300995896795, "16": 6.794933818082864, "4": 6.756690245152442}, "completion": {"64": 61.825576949447914, "16": 11.841496567834382, "4": 7.173653111553309}}
