{"64": 13.512181806673661, "16": 6.867672339210169, "4": 6.715233064891482}
