{"exec": {"64": 12.003079491298381, "16": 7.424880351680703, "4": 5.949256596851261}, "completion": {"64": 20.147830395914593, "16": 12.053418297167942, "4": 6.582075596705038}}
