{"exec": {"64": 9.79448869734287, "16": 6.786448292002088, "4": 4.696462346076623}, "completion": {"64": 66.15567197746978, "16": 12.824833858418915, "4": 5.012475253183139}}
