{"64": 14.003865065201383, "16": 6.460895592894718, "4": 5.938287967501383}
