{"exec": {"64": 14.591372905794657, "16": 6.569713615357515, "4": 6.987201255125372}, "completion": {"64": 73.76315438702098, "16": 8.96895482234118, "4": 7.449130281749517}}
