{"64": 16.49186969301148, "16": 7.592875376057848, "4": 6.231736585009553}
