{"64": 15.296923154956026, "16": 8.32420705167251, "4": 4.824528699053821}
