{"exec": {"64": 10.293456378107633, "16": 6.822387702055238, "4": 6.933849435346783}, "completion": {"64": 37.04343767161134, "16": 12.049515066929382, "4": 7.449798130538913}}
