{"exec": {"64": 11.203460227760312, "16": 6.584556291520582, "4": 6.135785990598447}, "completion": {"64": 28.315340921050048, "16": 12.668714469730988, "4": 6.586284584011552}}
