{"64": 12.348265472157976, "16": 7.877000284843018, "4": 5.360170867472489}
