{"64": 11.27283972857299, "16": 8.683719357166364, "4": 5.595126191963756}
