{"exec": {"64": 9.489853919343439, "16": 6.995595073474643, "4": 6.821923704851429}, "completion": {"64": 61.80916421251306, "16": 10.740302658157765, "4": 7.2503447375804955}}
