{"exec": {"64": 11.005836186679351, "16": 6.849550973177088, "4": 6.918924093743425}, "completion": {"64": 61.58836490787266, "16": 11.293204398612543, "4": 7.254773202500524}}
