{"exec": {"64": 10.322849686988931, "16": 6.897528167794102, "4": 7.212157736072477}, "completion": {"64": 62.8649255160297, "16": 9.436438483165398, "4": 7.534709392512743}}
