{"exec": {"64": 13.944263555784843, "16": 7.5100204908921295, "4": 6.308906264944577}, "completion": {"64": 13.961324776379126, "16": 13.381085130579942, "4": 6.881448817657741}}
