{"64": 15.804235948043768, "16": 9.06307343020533, "4": 5.104989461307967}
