{"64": 14.482122400817246, "16": 7.573365303646369, "4": 5.573965513952579}
