{"64": 13.99849152169348, "16": 6.070765159710521, "4": 6.306339509834049}
