{"exec": {"64": 10.890770562716089, "16": 6.8613548646217515, "4": 6.860204645708389}, "completion": {"64": 38.70152353649485, "16": 13.604182812520271, "4": 7.274844820816767}}
