{"64": 12.799027822613168, "16": 7.9439491524554775, "4": 5.758465716194459}
