{"exec": {"64": 9.108085382103283, "16": 6.793611357304854, "4": 6.849218010005049}, "completion": {"64": 91.14120155689244, "16": 11.487373719763378, "4": 7.205034970584794}}
