{"exec": {"64": 10.398264295800693, "16": 7.749287574927491, "4": 6.1276162548266875}, "completion": {"64": 74.82259587586036, "16": 13.08747628551854, "4": 6.510222745125734}}
