{"exec": {"64": 10.907897926449804, "16": 6.799186984406518, "4": 7.068305744620801}, "completion": {"64": 30.503748364716547, "16": 13.326886749554122, "4": 7.574624290179692}}
