{"exec": {"64": 10.504021706431288, "16": 6.469191015879049, "4": 6.4767298292807505}, "completion": {"64": 68.76290230903396, "16": 10.841759998703417, "4": 6.860178120115272}}
