{"exec": {"64": 11.16615467989776, "16": 6.448548722665539, "4": 6.390290572156471}, "completion": {"64": 48.22278983309568, "16": 11.33702028578645, "4": 6.806527001964744}}
