{"exec": {"16": 6.730975201712669, "4": 6.813234758264387}, "completion": {"16": 13.488658735468304, "4": 7.351468808039705}}
