{"exec": {"64": 12.172574269882604, "16": 7.013946087275127, "4": 5.337200245094111}, "completion": {"64": 40.49815469563745, "16": 11.377589216374474, "4": 5.808501435182212}}
