{"exec": {"64": 10.994345861122103, "16": 6.747923562668348, "4": 6.924638165432973}, "completion": {"64": 83.50022271835671, "16": 10.671809272449755, "4": 7.206609621621687}}
