{"64": 15.408900954158568, "16": 8.645415303299027, "4": 5.283826919455982}
