{"exec": {"64": 11.600693404769785, "16": 6.434687447682999, "4": 7.294190227306818}, "completion": {"64": 31.941204323258933, "16": 11.74720766905962, "4": 7.788762073738434}}
