{"exec": {"64": 10.589839134883903, "16": 6.538360548028829, "4": 6.727981097063768}, "completion": {"64": 135.62479673272796, "16": 10.448656618355534, "4": 7.00027144699936}}
