{"exec": {"64": 13.648085827240825, "16": 6.038017876398425, "4": 6.41081735055124}, "completion": {"64": 86.84337946419951, "16": 8.39449161238841, "4": 6.628183998903746}}
