{"64": 13.474291101287987, "16": 7.780493017325234, "4": 6.538437034543173}
