{"64": 15.751749671403022, "16": 7.309755082953121, "4": 5.490936705077101}
