{"exec": {"64": 9.732053943925806, "16": 6.674484448232472, "4": 6.148052837247171}, "completion": {"64": 57.77737680005305, "16": 11.308135071088623, "4": 6.5551374896783425}}
