{"exec": {"64": 10.090942389355888, "16": 6.661701522089408, "4": 6.830507876798806}, "completion": {"64": 88.89203818013273, "16": 9.234993999936215, "4": 7.046982217152533}}
