{"exec": {"64": 11.310991142418985, "16": 6.804365814911564, "4": 7.004498330685921}, "completion": {"64": 50.88795755838315, "16": 12.489312953249645, "4": 7.4159936631425385}}
