{"exec": {"64": 13.513769105791432, "16": 6.513498380354836, "4": 6.315350919118311}, "completion": {"64": 89.70502207183195, "16": 9.850334204502309, "4": 6.587742766288599}}
