{"exec": {"64": 11.114949556822424, "16": 7.183617256784686, "4": 6.301282542566801}, "completion": {"64": 33.27911810510657, "16": 16.102525255832152, "4": 6.641078188578732}}
