{"exec": {"64": 11.287260947887269, "16": 7.045761312703838, "4": 5.6460890076687935}, "completion": {"64": 37.837418669867276, "16": 12.839879918341072, "4": 6.0829684204950105}}
