{"64": 12.865741018348741, "16": 9.040174799629746, "4": 4.608700457278566}
