{"exec": {"64": 10.110800802297977, "16": 6.395347051146876, "4": 7.228221445702118}, "completion": {"64": 44.92031629238911, "16": 14.013208544088137, "4": 7.5022610304672614}}
