{"exec": {"64": 10.536976679872993, "16": 7.29846846034463, "4": 6.486251714246071}, "completion": {"64": 84.61382986485073, "16": 11.342293196987422, "4": 6.749900504258396}}
