{"64": 11.729306320917829, "16": 8.005860663519078, "4": 4.307766203721592}
