{"64": 14.317733348781033, "16": 6.536914518428473, "4": 6.487845560623876}
