{"exec": {"64": 12.519061016550639, "16": 6.876506366194897, "4": 6.0396033647687215}, "completion": {"64": 59.73531735880215, "16": 12.484814411991051, "4": 6.312215290099056}}
