{"exec": {"64": 10.789560599960218, "16": 6.991975337051563, "4": 6.74459147403895}, "completion": {"64": 41.75066404213331, "16": 12.727741452677694, "4": 7.255366140268762}}
