{"exec": {"64": 9.508268880181149, "16": 7.204303958017511, "4": 5.524440695929131}, "completion": {"64": 19.164306775401666, "16": 8.783085394774, "4": 6.224986845947434}}
