{"64": 14.233995355166513, "16": 7.854657830473432, "4": 5.641633921842597}
