{"exec": {"64": 11.235389007545335, "16": 6.935257127960716, "4": 6.344450880191941}, "completion": {"64": 47.472098557144896, "16": 11.888630703693252, "4": 6.7844499191715135}}
