{"64": 15.05942356819636, "16": 7.8472977667793, "4": 5.733763707401743}
