{"exec": {"64": 11.345272312328053, "16": 7.846559430176365, "4": 6.536834841049929}, "completion": {"64": 35.391688333071144, "16": 13.358175164292302, "4": 7.091410644760011}}
