{"exec": {"64": 12.78927369964889, "16": 7.6513392179786575, "4": 7.2243409520815804}, "completion": {"64": 25.208976386134214, "16": 14.049627278315443, "4": 7.8006728107384475}}
