{"64": 15.382234863176294, "16": 7.808703142220107, "4": 5.337455415078705}
