{"exec": {"64": 9.995824037262656, "16": 6.3578703055388575, "4": 6.317497562747664}, "completion": {"64": 63.73118135447854, "16": 11.505045652146464, "4": 6.604534202718507}}
