{"exec": {"64": 11.480203634018347, "16": 6.899474465971029, "4": 6.474545311647633}, "completion": {"64": 45.661014014780214, "16": 11.474068624817573, "4": 6.934307817487351}}
