{"exec": {"64": 10.695740582294652, "16": 7.079705834072768, "4": 6.689738504642415}, "completion": {"64": 30.6887288712346, "16": 13.004516079832946, "4": 7.150441008450471}}
