{"exec": {"64": 9.890333483788652, "16": 7.568726187466303, "4": 6.931541846220937}, "completion": {"64": 128.88023267177886, "16": 12.686860589757728, "4": 7.400545862738783}}
