{"exec": {"64": 9.584339870213569, "16": 6.600337279416199, "4": 6.996231580346825}, "completion": {"64": 34.3538028826637, "16": 11.604733196990178, "4": 7.512941487799449}}
