{"exec": {"64": 11.541733684816307, "16": 6.992035529424647, "4": 6.553451506597752}, "completion": {"64": 32.567540214881774, "16": 11.537716000001065, "4": 7.1057861802562865}}
