{"exec": {"64": 14.805248665985584, "16": 9.1208718482706, "4": 7.194856033808284}, "completion": {"64": 35.43861518829264, "16": 10.820554580794441, "4": 7.216675887848774}}
