{"exec": {"64": 15.26575398681689, "16": 9.413265427157215, "4": 6.937512850849767}, "completion": {"64": 31.598081940411042, "16": 9.435523405069652, "4": 7.871386560006798}}
