{"exec": {"64": 14.51432870609272, "16": 9.405799987896856, "4": 9.06222257077928}, "completion": {"64": 33.68694005393521, "16": 13.118400982758633, "4": 9.077670268699501}}
