{"exec": {"16": 9.353432683059836, "4": 9.269590805107455}, "completion": {"16": 15.123642607299566, "4": 9.292076570838093}}
