{"64": 15.003356630921907, "16": 9.043799069370706, "4": 9.82728909119225}
