{"64": 14.97992429924463, "16": 9.008896659315113, "4": 9.228951546083161}
