{"exec": {"64": 14.512675281467484, "16": 9.289830413379253, "4": 10.477631207896296}, "completion": {"64": 29.61021228949003, "16": 13.801140308994398, "4": 10.50095499580908}}
