{"64": 14.76364665046319, "16": 9.392782649141848, "4": 9.355426974629388}
