{"exec": {"64": 14.603772753869414, "16": 8.71490461153365, "4": 6.105166116691504}, "completion": {"64": 33.626227760401406, "16": 10.750698631548792, "4": 6.12215862775633}}
