{"64": 14.128430760452243, "16": 9.659142451986524, "4": 7.878642527277932}
