{"64": 14.466345693061845, "16": 9.012841544386385, "4": 10.578215792467885}
