{"64": 15.15175757071145, "16": 9.367293579355596, "4": 7.360994600192517}
