{"exec": {"64": 12.871071756198882, "16": 9.094988958312422, "4": 6.545478650369345}, "completion": {"64": 14.850025269505519, "16": 10.295758584515118, "4": 6.556229602961716}}
