{"64": 15.585575880590316, "16": 8.63054491193326, "4": 8.21088550083503}
