{"exec": {"64": 15.648772453799017, "16": 9.01572795617617, "4": 8.316060098870095}, "completion": {"64": 33.813065939208386, "16": 9.03649774117466, "4": 8.33241800697017}}
