{"64": 14.265837219007533, "16": 9.450554251194204, "4": 10.369119455803562}
