{"64": 15.254970917421776, "16": 9.226096165630622, "4": 6.675065728134934}
