{"exec": {"64": 14.941674216517717, "16": 9.22219675167286, "4": 9.235739929977942}, "completion": {"64": 36.62634018913272, "16": 9.236657987046199, "4": 9.258299922745124}}
