{"exec": {"16": 8.664093631306603}, "completion": {"16": 23.155797888025162}}
