{"exec": {"64": 15.07559368609214, "16": 8.953984162862529, "4": 7.035411341389372}, "completion": {"64": 30.8689154357054, "16": 9.203664556936104, "4": 8.880838292191584}}
