{"64": 15.342154935751237, "16": 9.611120319255267, "4": 9.123962006307291}
