{"exec": {"4": 10.902687508230828}, "completion": {"4": 24.86547198043688}}
