{"exec": {"16": 4.738407938525185, "4": 3.937893992674937}, "completion": {"16": 34.56657653483148, "4": 34.198280520324325}}
