{"64": 15.392611189668145, "16": 8.679583893972351, "4": 6.540335841490761}
