{"64": 15.251901854352095, "16": 9.507078855450477, "4": 10.75231913897371}
