{"exec": {"64": 14.957216219788181, "16": 9.296956538601261, "4": 5.6937687699053825}, "completion": {"64": 29.890665780848465, "16": 13.779116966320226, "4": 14.281223855291113}}
