{"exec": {"16": 9.760269653602258, "4": 6.637434168273511}, "completion": {"16": 13.698781678531105, "4": 6.646206802482684}}
