{"64": 15.427484935123687, "16": 8.756946344068826, "4": 6.503226707170615}
