{"64": 14.194674186448655, "16": 9.449579131241206, "4": 6.4921534596901544}
