{"exec": {"64": 13.864653590096289, "16": 8.221505062561423}, "completion": {"64": 28.3435834151524, "16": 22.48288098223412}}
