{"64": 15.383194579098019, "16": 9.36185010438885, "4": 8.495007951594829}
