{"64": 15.435785238454878, "16": 9.714042642031036, "4": 7.976462687922308}
