{"64": 15.163470941781839, "16": 9.587079603555045, "4": 8.012017401251438}
