{"64": 15.00470352383217, "16": 9.18647959581025, "4": 10.347959220586675}
