{"exec": {"64": 15.036778620819502, "16": 9.83102512910662, "4": 7.288506721550698}, "completion": {"64": 31.197013489797108, "16": 14.775192246246633, "4": 7.319106277663041}}
