{"exec": {"64": 15.49845501155307, "16": 9.250051248488903, "4": 9.750048632279837}, "completion": {"64": 38.1533879117274, "16": 9.268073538043046, "4": 9.761245232947001}}
