{"64": 15.306720489636785, "16": 9.111504499668618, "4": 6.130975663844144}
