{"exec": {"64": 14.480114190466605, "16": 10.055708923285877, "4": 10.901535638716496}, "completion": {"64": 28.65516628793261, "16": 10.082475969564754, "4": 14.588703981880249}}
