{"64": 15.240948247333051, "16": 9.34434207706492, "4": 11.839935666221226}
