{"exec": {"64": 15.048096899118836, "16": 8.486308213208625, "4": 9.770236423281991}, "completion": {"64": 32.89655960716652, "16": 8.499098984955726, "4": 9.788727522949399}}
