{"64": 14.49019419936155, "16": 9.643548392723407, "4": 7.762867298828787}
