{"64": 15.37840709555395, "16": 9.264039035466409, "4": 8.874844169715235}
