{"64": 15.128895641973964, "16": 8.722748688484934, "4": 9.89639660627889}
