{"64": 14.596035884271913, "16": 8.941538376148271, "4": 9.857504876133415}
