{"exec": {"64": 15.128958267770589, "16": 8.976114937063643, "4": 8.706592393372851}, "completion": {"64": 27.309330203324755, "16": 14.413485282427425, "4": 9.929522314841243}}
