{"64": 14.622884354419085, "16": 8.6841111898601, "4": 9.409111385322682}
