{"64": 15.391910561655578, "16": 9.734619663687022, "4": 10.98390642387744}
