{"exec": {"64": 11.151445557553384, "4": 5.669931693263749}, "completion": {"64": 25.89490605843175, "4": 20.454525542953448}}
