{"64": 14.85919025355545, "16": 8.746879355719605, "4": 8.804870393414673}
