{"exec": {"64": 14.90467174298313, "16": 8.394191159672383, "4": 8.198345368208987}, "completion": {"64": 30.854290353990866, "16": 8.395607288603284, "4": 8.21950772402667}}
