{"exec": {"64": 15.519228538861793, "16": 9.41336937446935, "4": 10.742933797428261}, "completion": {"64": 33.32556566166785, "16": 9.441695047383876, "4": 10.771191686590416}}
