{"exec": {"64": 13.356761815861807, "16": 9.943973462363774, "4": 5.76319354402507}, "completion": {"64": 27.421363276254294, "16": 13.744939493279826, "4": 15.260093033500041}}
