{"exec": {"64": 14.04683710670244, "16": 9.283293253092038, "4": 10.04555567222058}, "completion": {"64": 31.604156656414556, "16": 11.724377518544657, "4": 10.062140102981761}}
