{"exec": {"64": 12.275661207749852, "16": 8.836780084489028}, "completion": {"64": 27.57958925267556, "16": 23.557747130155384}}
