{"exec": {"64": 13.554970780231148, "16": 9.242336118206518, "4": 8.132658295852734}, "completion": {"64": 30.491509347822216, "16": 11.422357992510404, "4": 9.703137977185914}}
