{"64": 14.375338564773203, "16": 9.757166764413148, "4": 10.827288674539494}
