{"exec": [[5.523606285871182, 3], [21.300213688968483, 11], [30.563840479353527, 15], [47.194717032194745, 23], [67.46810290613286, 24], [85.73945353141653, 20], [83.81173020898987, 16], [65.25728277775755, 13], [40.8300559430868, 8], [19.6703361252518, 4]], "completion": [[5.523606285871182, 3], [21.32663901394463, 11], [30.603763638956675, 15], [47.26939102935415, 23], [67.73522565657933, 24], [106.13127635419376, 20], [151.43000503416397, 16], [120.77593484573836, 13], [79.54344347994393, 8], [38.881794711107595, 4]], "reject": [[7, 0], [15, 0], [19, 0], [27, 0], [28, 0], [24, 0], [32, 12], [30, 13], [34, 22], [43, 35]], "qpu_usage": [[0.9553295532955328, 0.04468044680446804, 0.0, 0.0, 0.0], [0.914979149791498, 0.07995079950799508, 0.005080050800508005, 0.0, 0.0], [0.8563085630856309, 0.12430124301243013, 0.01940019400194002, 0.0, 0.0], [0.6722567225672257, 0.26447264472644727, 0.05807058070580706, 0.005210052100521005, 0.0], [0.3757237572375724, 0.3367833678336783, 0.15783157831578315, 0.07567075670756707, 0.054000540005400055], [0.008070080700807008, 0.1105111051110511, 0.13953139531395312, 0.2193521935219352, 0.5225452254522546], [2.000020000200002e-05, 0.015480154801548013, 0.02041020410204102, 0.04278042780427804, 0.9213192131921318], [2.000020000200002e-05, 0.04526045260452605, 0.04125041250412504, 0.029410294102941034, 0.884068840688407], [2.000020000200002e-05, 0.007820078200782008, 0.00967009670096701, 0.06656066560665606, 0.915939159391594], [2.000020000200002e-05, 0.037790377903779045, 0.01082010820108201, 0.025640256402564027, 0.925739257392574]]}
