{"exec": [[10.934378265527002, 6], [24.175277387648023, 13], [26.602416750345135, 13], [31.685891429344743, 15], [36.86061164117316, 15], [81.13900015082419, 17], [107.46547522366785, 21], [69.2059839076818, 14], [40.803875664361016, 8], [23.009981689047734, 5]], "completion": [[10.934378265527002, 6], [24.175277387648023, 13], [26.65016072201208, 13], [31.76454697275456, 15], [36.94698086443429, 15], [104.55985198945095, 17], [173.87515421301805, 21], [127.47579279197817, 14], [76.37213646144076, 8], [46.78244077578872, 5]], "reject": [[10, 0], [17, 0], [17, 0], [19, 0], [19, 0], [21, 0], [33, 8], [39, 21], [34, 22], [47, 38]], "qpu_usage": [[0.9299992999929999, 0.07001070010700107, 0.0, 0.0, 0.0], [0.8756087560875608, 0.12440124401244013, 0.0, 0.0, 0.0], [0.8468484684846848, 0.1386713867138671, 0.009990099900999009, 0.004500045000450004, 0.0], [0.7268772687726878, 0.21788217882178823, 0.05525055250552506, 0.0, 0.0], [0.49478494784947846, 0.3330533305333053, 0.10541105411054111, 0.06613066130661306, 0.0006300063000630006], [0.1042110421104211, 0.1874018740187402, 0.03546035460354603, 0.14704147041470414, 0.5258952589525895], [2.000020000200002e-05, 0.027440274402744026, 0.03037030370303703, 0.006020060200602005, 0.9361593615936159], [2.000020000200002e-05, 0.011150111501115013, 0.07895078950789508, 0.02974029740297403, 0.8801488014880149], [2.000020000200002e-05, 0.02903029030290303, 0.03168031680316803, 0.02453024530245302, 0.9147491474914748], [2.000020000200002e-05, 0.07086070860708607, 0.057970579705797054, 0.06780067800678007, 0.8033580335803358]]}
