{"exec": [[181.20994043734777, 97], [279.2264918382632, 146], [360.6277118797599, 180], [473.2846022984454, 222], [635.1063579061865, 253], [1298.0222349700252, 314], [1146.1901003514276, 221], [631.4755795351514, 121], [367.0495272724481, 71], [186.67813548273637, 36]], "completion": [[181.28901328423717, 97], [279.4454272281828, 146], [361.0753770411141, 180], [474.26671972619107, 222], [641.9140004012672, 253], [1728.5303228269738, 314], [2041.7965640584994, 221], [1205.932493420001, 121], [724.0627482968576, 71], [370.77898403528553, 36]], "reject": [[101, 0], [150, 0], [184, 0], [226, 0], [257, 0], [334, 16], [373, 148], [425, 300], [469, 394], [484, 444]]}
