{"exec": [[342.61551988520716, 179], [517.7658440733915, 268], [757.0860779060221, 367], [1084.4413930706835, 456], [1654.1241017628693, 528], [2747.580082841565, 551], [1801.0436124958542, 345], [1099.030891828063, 211], [675.1661870220021, 130], [389.53349145929417, 75]], "completion": [[342.8661195321307, 179], [518.3357174677246, 268], [758.5469780458079, 367], [1103.0050403841774, 456], [1778.9165176453, 528], [4110.468140583332, 551], [3325.0617122132667, 345], [2109.298892715351, 211], [1333.11862910529, 130], [773.96792909843, 75]], "reject": [[183, 0], [272, 0], [371, 0], [460, 0], [533, 1], [638, 83], [737, 388], [771, 556], [908, 774], [989, 910]], "qpu_usage": [[0.935359353593536, 0.06149061490614906, 0.0026500265002650024, 0.0005100051000510005, 0.0], [0.8764887648876489, 0.11342113421134212, 0.00978009780097801, 0.0003200032000320003, 0.0], [0.7709477094770947, 0.18766187661876618, 0.03863038630386304, 0.001970019700197002, 0.0008000080000800007], [0.5934659346593466, 0.28257282572825726, 0.08082080820808209, 0.03009030090300903, 0.013060130601306013], [0.33990339903399036, 0.26613266132661323, 0.17612176121761217, 0.10046100461004609, 0.1173911739117391], [0.006420064200642006, 0.023760237602376024, 0.038110381103811035, 0.06603066030660305, 0.8656886568865689], [2.000020000200002e-05, 0.0024700247002470027, 0.0012600126001260014, 0.005850058500585006, 0.990409904099041], [2.000020000200002e-05, 0.0025700257002570026, 0.0038600386003860036, 0.008440084400844008, 0.9851198511985121], [2.000020000200002e-05, 0.007710077100771007, 0.005070050700507004, 0.003940039400394004, 0.9832698326983269], [2.000020000200002e-05, 0.0014400144001440016, 0.0026100261002610027, 0.008620086200862008, 0.9873198731987319]]}
