{"exec": [[162.5418455636722, 86], [271.6386505729643, 143], [371.5281998714843, 190], [461.9047715678498, 217], [583.2633813859633, 236], [1129.223234091293, 293], [1141.8940327351565, 219], [655.3476573749267, 126], [367.5845351462971, 71], [206.00460509608163, 40]], "completion": [[162.57022988875468, 86], [271.80585932368297, 143], [371.9441555751258, 190], [462.91060811059174, 217], [586.9598853431357, 236], [1326.8008873200495, 293], [1987.9630499889195, 219], [1241.1001989986482, 126], [718.9903194752399, 71], [409.5370696881474, 40]], "reject": [[90, 0], [147, 0], [194, 0], [221, 0], [240, 0], [313, 16], [355, 132], [401, 271], [425, 350], [483, 439]]}
