{"exec": [1.870428856002339, 1.8579431105388724, 1.951882840525587, 4.939528792919489, 5.082540993973183, 4.8718451495316195], "completion": [1.870428856002339, 1.8579431105388724, 1.9603193258255318, 5.892453044564423, 9.186989047374627, 9.747952500330376]}
