{"exec": [1.8483377100023517, 1.895289907453978, 2.2701172617496095, 4.917985248131519, 4.418265041776213, 4.880253189096039], "completion": [1.8483377100023517, 1.8990540651974464, 2.2749430349617232, 6.58612207152543, 8.419263321260567, 9.599735110552972]}
