{"exec": [[14.37948556064805, 7], [65.02142298507803, 30], [91.50948611698968, 38], [252.35913483650802, 51], [79.90088104150587, 16], [36.34131583892332, 8]], "completion": [[14.399348436020432, 7], [65.14779882982504, 30], [91.78121842476102, 38], [412.78284764655234, 51], [276.9272460698819, 16], [134.82972566810528, 8]], "reject": [[17, 0], [40, 0], [48, 0], [61, 0], [79, 53], [97, 79]]}
