{"exec": [[14.770065650037452, 8], [12.844488740019301, 7], [15.077228335014539, 8], [35.11741459504769, 10], [48.09785856476311, 10], [47.82549308134356, 10]], "completion": [[14.770065650037452, 8], [12.844488740019301, 7], [15.08469463756056, 8], [36.303519636023736, 10], [126.37394743994089, 10], [133.46976148221069, 10]], "reject": [[12, 0], [11, 0], [12, 0], [14, 0], [21, 7], [30, 16]], "qpu_usage": [[0.943529435294353, 0.05648056480564805, 0.0, 0.0, 0.0], [0.8714487144871449, 0.12433124331243312, 0.004230042300423004, 0.0, 0.0], [0.6932369323693237, 0.29866298662986634, 0.008110081100811009, 0.0, 0.0], [0.16089160891608914, 0.3278332783327833, 0.036030360303603036, 0.27634276342763425, 0.1989119891198912], [2.000020000200002e-05, 0.042510425104251036, 0.08169081690816908, 0.03781037810378103, 0.8379783797837977], [2.000020000200002e-05, 0.013330133301333013, 0.10416104161041609, 0.050640506405064054, 0.8318583185831858]]}
