{"exec": [[167.89197665602387, 88], [243.91020788273144, 129], [364.200559899189, 184], [460.63128600888484, 219], [621.6334555417708, 248], [1327.4963811231771, 313], [1138.702487483718, 222], [617.8380307025726, 119], [372.3700627990866, 72], [207.91478466523174, 40]], "completion": [[167.98478736940967, 88], [244.0096457708079, 129], [364.77601991538756, 184], [461.58361961875653, 219], [624.6475614167988, 248], [1701.2003555689234, 313], [1921.747267400392, 222], [1181.5543128901663, 119], [734.074366167659, 72], [414.28215082505795, 40]], "reject": [[92, 0], [133, 0], [188, 0], [223, 0], [252, 0], [327, 10], [355, 129], [394, 271], [453, 377], [506, 462]]}
