{"exec": [[0, 0], [25.319982332285463, 13], [27.1180735503089, 12], [50.20541775536873, 23], [42.51378917448326, 20], [75.81683874345282, 23], [96.50517418715748, 19], [69.37689013856186, 14], [39.56822599923501, 8], [20.61330825107359, 4]], "completion": [[0, 0], [25.378297153757742, 13], [27.1834151474446, 12], [50.304082285154166, 23], [42.58222453922264, 20], [77.19452550225469, 23], [151.74557106626744, 19], [127.77998726745618, 14], [77.45949195479824, 8], [39.78385019723049, 4]], "reject": [[4, 0], [17, 0], [16, 0], [27, 0], [24, 0], [27, 0], [25, 2], [36, 18], [47, 35], [51, 43]], "qpu_usage": [[0.964369643696437, 0.035640356403564034, 0.0, 0.0, 0.0], [0.903329033290333, 0.0896208962089621, 0.007060070600706007, 0.0, 0.0], [0.7477374773747738, 0.21579215792157921, 0.014900149001490016, 0.02158021580215802, 0.0], [0.6678766787667877, 0.2674626746267463, 0.049230492304923046, 0.015440154401544016, 0.0], [0.5161551615516154, 0.3748937489374894, 0.0905609056090561, 0.018400184001840018, 0.0], [0.2675026750267503, 0.30459304593045927, 0.16643166431664316, 0.11521115211152112, 0.14627146271462715], [2.0000200002000023e-05, 0.053380533805338054, 0.01020010200102001, 0.07391073910739109, 0.86249862498625], [2.000020000200002e-05, 0.01683016830168302, 0.03939039390393904, 0.08235082350823508, 0.8614186141861419], [2.000020000200002e-05, 0.028540285402854026, 0.03403034030340303, 0.04633046330463304, 0.8910889108891089], [2.000020000200002e-05, 0.03008030080300803, 0.0, 0.011140111401114011, 0.958769587695877]]}
