{"exec": [[5.537840719737801, 3], [47.07909157933642, 25], [103.77922249036317, 46], [258.4755654928456, 54], [118.24566297504204, 23], [43.968075870769155, 9]], "completion": [[5.537840719737801, 3], [47.10507498164304, 25], [104.1512966758547, 46], [423.04586755583597, 54], [399.5270440171279, 23], [154.64173982347654, 9]], "reject": [[13, 0], [35, 0], [56, 0], [64, 0], [76, 43], [100, 81]]}
