{"exec": [[11.209355692510485, 6], [12.973506388220855, 7], [19.926153889127896, 9], [40.96668035367905, 17], [42.39851220774401, 19], [87.08766015006834, 21], [99.86045192992908, 20], [63.58503209580884, 13], [38.26814742459066, 8], [26.966269252479293, 6]], "completion": [[11.209355692510485, 6], [12.973506388220855, 7], [19.96388072587613, 9], [41.029525308426486, 17], [42.55573896992028, 19], [97.56269144433699, 21], [145.56900881907814, 20], [122.68564263117194, 13], [74.49607669680846, 8], [54.72711543779535, 6]], "reject": [[10, 0], [11, 0], [13, 0], [21, 0], [23, 0], [25, 0], [26, 2], [34, 17], [43, 31], [54, 44]], "qpu_usage": [[0.962269622696227, 0.03774037740377404, 0.0, 0.0, 0.0], [0.941309413094131, 0.05870058700587006, 0.0, 0.0, 0.0], [0.8458684586845868, 0.1267912679126791, 0.02038020380203802, 0.006970069700697007, 0.0], [0.7260472604726047, 0.21124211242112423, 0.02686026860268603, 0.02631026310263103, 0.00955009550095501], [0.5628156281562816, 0.3008830088300883, 0.12464124641246412, 0.011670116701167013, 0.0], [0.04771047710477105, 0.08022080220802208, 0.10108101081010809, 0.4049040490404904, 0.3660936609366094], [2.000020000200002e-05, 0.04054040540405404, 0.05859058590585906, 0.15539155391553916, 0.7454674546745468], [2.000020000200002e-05, 0.038850388503885044, 0.048330483304833055, 0.060640606406064064, 0.852168521685217], [2.000020000200002e-05, 0.05028050280502805, 0.007080070800708007, 0.12279122791227912, 0.8198381983819838], [2.000020000200002e-05, 0.03280032800328003, 0.11975119751197512, 0.08771087710877108, 0.7597275972759727]]}
