{"exec": [1.8809401399254664, 1.8382429811474346, 2.5593280301834636, 4.986539840851011, 4.697543794605696, 5.079891315832697], "completion": [1.8809401399254664, 1.8382429811474346, 2.5617874329664816, 7.685989703149422, 9.32000671942555, 9.793075788574738]}
