{"exec": [1.866739679448783, 1.8944546577590877, 2.1948609814427638, 4.438423851294432, 4.610636627719696, 5.069617356060826], "completion": [1.8676280088776722, 1.898545769569216, 2.207981645698415, 6.342734276255944, 8.488536577550367, 9.969514384698638]}
