{"exec": [[201.14692570406132, 107], [219.11595441706828, 114], [322.4565225388435, 168], [511.8146280465816, 233], [739.3846957054918, 273], [1162.808579489954, 300], [1160.7677221631934, 223], [656.4801835421072, 126], [374.75121212872494, 72], [207.1625801873201, 40]], "completion": [[201.18381120268597, 107], [219.29482966347217, 114], [322.6886739134319, 168], [514.6025899252433, 233], [758.423506298366, 273], [1281.8129270442441, 300], [2017.304379839556, 223], [1246.744031976843, 126], [735.2844423757005, 72], [410.63152750912934, 40]], "reject": [[111, 0], [118, 0], [172, 0], [237, 0], [277, 0], [305, 1], [350, 123], [391, 261], [436, 360], [476, 432]]}
