{"exec": [[155.31015078768004, 83], [238.18841250641339, 125], [361.7050410655156, 178], [437.71080030915095, 209], [704.708045085096, 271], [1078.4830149427924, 301], [1135.9463703793092, 218], [628.5707904083226, 121], [362.7135089886607, 70], [199.6015005605432, 39]], "completion": [[155.33690391944646, 83], [238.32219297187552, 125], [362.25744904232306, 178], [438.54007291658075, 209], [709.7064134095777, 271], [1205.1686970894405, 301], [1955.3484203345058, 218], [1197.0922455115901, 121], [716.0886563120405, 70], [398.76579733467406, 39]], "reject": [[87, 0], [129, 0], [182, 0], [213, 0], [275, 0], [310, 5], [346, 124], [377, 252], [463, 389], [515, 472]]}
