{"exec": [[3.640306910410658, 2], [12.691094275469041, 6], [20.677898452335562, 11], [48.193401137132845, 23], [22.29430660107825, 12], [82.89436217197498, 26], [75.42674200351757, 15], [68.37820361198781, 14], [38.39091439569929, 8], [20.028215861961897, 4]], "completion": [[3.640306910410658, 2], [12.691685936362902, 6], [20.700970862932728, 11], [48.26566216611761, 23], [22.29430660107825, 12], [83.2900949304998, 26], [125.4773705283041, 15], [131.4235683736307, 14], [74.81452067716042, 8], [38.363049466440586, 4]], "reject": [[6, 0], [10, 0], [15, 0], [27, 0], [16, 0], [30, 0], [33, 14], [42, 24], [38, 26], [47, 39]], "qpu_usage": [[0.9549395493954939, 0.04507045070450704, 0.0, 0.0, 0.0], [0.933619336193362, 0.05651056510565106, 0.00988009880098801, 0.0, 0.0], [0.872218722187222, 0.12473124731247313, 0.0030600306003060033, 0.0, 0.0], [0.6794367943679437, 0.23968239682396822, 0.07926079260792608, 0.0016300163001630018, 0.0], [0.6413864138641386, 0.3256732567325673, 0.02908029080290803, 0.0038700387003870037, 0.0], [0.14493144931449314, 0.24849248492484924, 0.2703827038270383, 0.23476234762347625, 0.10144101441014411], [0.03953039530395303, 0.05910059100591006, 0.10548105481054809, 0.04271042710427104, 0.7531875318753187], [2.000020000200002e-05, 0.023000230002300025, 0.06741067410674106, 0.006720067200672006, 0.9028590285902858], [2.000020000200002e-05, 0.040430404304043044, 0.01941019410194102, 0.1102611026110261, 0.8298882988829889], [2.000020000200002e-05, 0.003390033900339003, 0.025550255502555026, 0.06701067010670106, 0.9040390403904038]]}
