{"exec": [[1.887825619641717, 1], [10.322693379784099, 5], [25.71712279837374, 11], [61.942028643022056, 14], [68.92681741000683, 14], [47.86673401673669, 10]], "completion": [[1.887825619641717, 1], [10.325561658172461, 5], [25.795576680903498, 11], [82.2473092169143, 14], [175.96339176384942, 14], [133.70156104789405, 10]], "reject": [[5, 0], [9, 0], [15, 0], [18, 0], [22, 4], [33, 19]], "qpu_usage": [[0.9703197031970319, 0.029690296902969027, 0.0, 0.0, 0.0], [0.912069120691207, 0.07253072530725307, 0.015410154101541016, 0.0, 0.0], [0.6538665386653867, 0.2608326083260833, 0.05953059530595306, 0.025780257802578026, 0.0], [0.10593105931059311, 0.20757207572075723, 0.0976009760097601, 0.10605106051060512, 0.48285482854828554], [2.000020000200002e-05, 0.04094040940409404, 0.06635066350663506, 0.027730277302773026, 0.8649686496864969], [2.000020000200002e-05, 0.012390123901239013, 0.11386113861138611, 0.029650296502965034, 0.8440884408844088]]}
