{"exec": [[11.076785209889067, 6], [27.37087504323418, 14], [24.638507413403378, 13], [67.66663383262225, 14], [69.2923708116686, 14], [47.163280677058026, 10]], "completion": [[11.076785209889067, 6], [27.40383836727777, 14], [24.683398114075107, 13], [88.00536142683664, 14], [174.58425652309606, 14], [135.7666027569815, 10]], "reject": [[10, 0], [18, 0], [17, 0], [18, 0], [18, 0], [31, 17]], "qpu_usage": [[0.952449524495245, 0.04756047560475605, 0.0, 0.0, 0.0], [0.8179881798817988, 0.17036170361703618, 0.011660116601166011, 0.0, 0.0], [0.5691656916569166, 0.4137141371413714, 0.017130171301713015, 0.0, 0.0], [0.1283912839128391, 0.09971099710997108, 0.06778067780677806, 0.20105201052010518, 0.5030750307503075], [2.000020000200002e-05, 0.08785087850878509, 0.06721067210672108, 0.04339043390433904, 0.8015380153801538], [2.000020000200002e-05, 0.012000120001200012, 0.11046110461104612, 0.023480234802348024, 0.8540485404854049]]}
