{"exec": [[9.210260885358082, 5], [18.770143596272135, 10], [23.574809290605863, 12], [38.84539259481791, 18], [44.11255026835768, 17], [116.23015635946854, 30], [121.54499304887273, 24], [60.52577574401473, 12], [38.52787013114406, 8], [26.7363361271606, 6]], "completion": [[9.210260885358082, 5], [18.78574885622595, 10], [23.606872676301695, 12], [38.90220837934069, 18], [44.26484441619472, 17], [119.42269299233256, 30], [190.60825265808737, 24], [113.82386846611952, 12], [76.79555327439282, 8], [56.379870188458554, 6]], "reject": [[9, 0], [14, 0], [16, 0], [22, 0], [21, 0], [34, 0], [41, 13], [41, 25], [39, 27], [55, 45]], "qpu_usage": [[0.926889268892689, 0.07312073120731208, 0.0, 0.0, 0.0], [0.913319133191332, 0.08514085140851409, 0.0015500155001550015, 0.0, 0.0], [0.7784177841778419, 0.20244202442024423, 0.01915019150191502, 0.0, 0.0], [0.7377173771737717, 0.1935019350193502, 0.05083050830508305, 0.01796017960179602, 0.0], [0.38770387703877035, 0.33853338533385335, 0.12455124551245511, 0.14922149221492215, 0.0], [0.06912069120691207, 0.1114511145111451, 0.22386223862238622, 0.2783627836278363, 0.3172131721317213], [2.000020000200002e-05, 0.005280052800528005, 0.08015080150801508, 0.11953119531195312, 0.7950279502795028], [2.000020000200002e-05, 0.01937019370193702, 0.022120221202212024, 0.051930519305193046, 0.9065690656906569], [2.000020000200002e-05, 0.02078020780207802, 0.10086100861008611, 0.00992009920099201, 0.868428684286843], [2.0000200002000023e-05, 0.045740457404574046, 0.13088130881308813, 0.03789037890378904, 0.7854778547785478]]}
