{"exec": [[0, 0], [19.283699267304698, 10], [19.182634482844513, 10], [14.79552932525025, 8], [44.63840543812872, 20], [113.15594478431332, 29], [98.49849083932672, 19], [64.8429723714176, 13], [37.9537562277896, 8], [20.0424249564039, 4]], "completion": [[0, 0], [19.303720850440854, 10], [19.19314672382537, 10], [14.79552932525025, 8], [46.71911556595172, 20], [146.47528097914358, 29], [152.0626769450447, 19], [122.77759001124663, 13], [72.21655135678108, 8], [39.74630220808386, 4]], "reject": [[3, 0], [14, 0], [14, 0], [12, 0], [24, 0], [34, 1], [25, 2], [46, 29], [39, 27], [50, 42]], "qpu_usage": [[0.9821898218982191, 0.017820178201782017, 0.0, 0.0, 0.0], [0.9281292812928128, 0.06748067480674806, 0.0044000440004400045, 0.0, 0.0], [0.8842688426884269, 0.1019510195101951, 0.013790137901379014, 0.0, 0.0], [0.8334983349833499, 0.16651166511665116, 0.0, 0.0, 0.0], [0.5347253472534725, 0.26202262022620226, 0.13018130181301812, 0.035100351003510034, 0.03798037980379804], [0.11892118921189211, 0.10153101531015309, 0.27733277332773326, 0.17409174091740917, 0.32813328133281333], [2.000020000200002e-05, 0.05741057410574106, 0.04924049240492405, 0.026680266802668027, 0.8666586665866659], [2.000020000200002e-05, 0.05675056750567506, 0.005060050600506005, 0.06154061540615406, 0.8766387663876638], [2.000020000200002e-05, 0.08777087770877709, 0.05490054900549005, 0.14137141371413714, 0.7159471594715947], [2.000020000200002e-05, 0.02164021640216402, 0.014370143701437015, 0.05133051330513306, 0.9126491264912648]]}
