{"exec": [[9.216942399918935, 5], [51.21833318837005, 27], [52.14711027476757, 25], [248.68911829439583, 48], [100.58568153438384, 20], [36.672603338140185, 8]], "completion": [[9.216942399918935, 5], [51.26658754127507, 27], [52.200343023322546, 25], [600.5733630797115, 48], [347.1742047125838, 20], [138.77036454268205, 8]], "reject": [[15, 0], [37, 0], [35, 0], [68, 10], [76, 46], [108, 90]]}
