{"exec": [[33.38667206078409, 18], [96.4585148031274, 43], [129.42701718392266, 55], [216.5825072678545, 45], [101.93156645142487, 20], [44.015714195987236, 9]], "completion": [[33.38667206078409, 18], [98.41245010985327, 43], [134.16827268177872, 55], [352.23467465460175, 45], [192.60325583682388, 20], [89.32224718431723, 9]], "reject": [[22, 0], [47, 0], [59, 0], [65, 16], [73, 49], [92, 79]]}
