{"exec": [1.8533307519278708, 1.9959330582665256, 2.0149822835789633, 3.033894311561456, 4.705593659143333, 5.035069674874475], "completion": [1.8533307519278708, 1.9966012633670829, 2.0166497262329406, 3.0454402206752746, 9.048199315263025, 10.001437135360831]}
