{"exec": [[11.126199383132928, 6], [47.99527129922271, 24], [95.11809549210699, 44], [256.88494763517997, 51], [116.39207875643616, 23], [41.551322757015015, 8]], "completion": [[11.126199383132928, 6], [48.05542103883989, 24], [95.42573580197019, 44], [399.5957395071209, 51], [221.3947750644551, 23], [80.10926285756084, 8]], "reject": [[10, 0], [28, 0], [48, 0], [67, 12], [83, 56], [87, 75]]}
