{"exec": [[9.345161766339345, 5], [1.8473148248813231, 1], [27.134152621132774, 13], [56.039733641428256, 12], [68.29104327856925, 14], [49.45118760491792, 10]], "completion": [[9.345161766339345, 5], [1.8473148248813231, 1], [27.2072280941429, 13], [69.4688819758646, 12], [193.83961185307933, 14], [127.77390564230302, 10]], "reject": [[9, 0], [5, 0], [17, 0], [16, 0], [29, 11], [22, 8]], "qpu_usage": [[0.951749517495175, 0.04826048260482605, 0.0, 0.0, 0.0], [0.947189471894719, 0.052820528205282054, 0.0, 0.0, 0.0], [0.5828058280582805, 0.30501305013050134, 0.10199101991019911, 0.01020010200102001, 0.0], [0.14007140071400714, 0.13122131221312214, 0.16122161221612216, 0.06261062610626107, 0.5048850488504885], [2.000020000200002e-05, 0.014440144401444015, 0.06242062420624206, 0.04613046130461304, 0.8769987699876999], [2.000020000200002e-05, 0.010120101201012009, 0.05856058560585605, 0.06303063030630306, 0.8682786827868278]]}
