{"exec": [[333.1745346184374, 174], [495.76973207360265, 256], [744.4583607339314, 359], [1143.2549876600992, 465], [1702.7902558273956, 516], [2571.4847661798317, 542], [1822.4020922905215, 349], [1107.7624765392477, 212], [681.3073787783321, 131], [402.72760722230964, 78]], "completion": [[333.31677558307456, 174], [496.1816967729351, 256], [745.833918333658, 359], [1156.4301424700898, 465], [1851.2836762734632, 516], [3714.197691312859, 542], [3333.7718891502295, 349], [2130.7287526439677, 212], [1343.5979212254197, 131], [802.6746263398181, 78]], "reject": [[178, 0], [260, 0], [363, 0], [469, 0], [524, 4], [610, 64], [709, 356], [821, 605], [918, 783], [1011, 929]], "qpu_usage": [[0.9372193721937219, 0.059570595705957054, 0.003070030700307003, 0.00015000150001500014, 0.0], [0.8625786257862579, 0.12751127511275112, 0.00938009380093801, 0.0005400054000540005, 0.0], [0.7758077580775808, 0.1850118501185012, 0.033730337303373034, 0.005460054600546005, 0.0], [0.5948259482594825, 0.26189261892618926, 0.0941409414094141, 0.03193031930319303, 0.017220172201722016], [0.2828128281282813, 0.27003270032700327, 0.17531175311753117, 0.1056310563105631, 0.16622166221662216], [0.02676026760267603, 0.06854068540685407, 0.07014070140701407, 0.09551095510955111, 0.7390573905739057], [2.000020000200002e-05, 0.0005000050000500005, 0.0015200152001520015, 0.004060040600406004, 0.9939099390993911], [2.0000200002000023e-05, 0.0035700357003570038, 0.0009600096000960009, 0.0028900289002890033, 0.9925699256992571], [2.000020000200002e-05, 0.0025700257002570026, 0.003580035800358003, 0.004250042500425004, 0.9895898958989591], [2.0000200002000023e-05, 0.004020040200402005, 0.012300123001230014, 0.00875008750087501, 0.974919749197492]]}
