{"exec": [[38.74121441674707, 19], [59.700372750605865, 30], [102.74389256452581, 46], [264.3549985981985, 53], [122.84421221408516, 24], [43.42055098962275, 9]], "completion": [[38.82040634305052, 19], [59.80166195758392, 30], [103.11746134384012, 46], [379.9224477633036, 53], [232.7435549395297, 24], [89.76525175669774, 9]], "reject": [[23, 0], [34, 0], [50, 0], [65, 8], [80, 52], [101, 88]]}
