{"exec": [[7.395567485619679, 4], [22.719551675266064, 12], [31.096468009578533, 14], [63.96140024707601, 13], [69.65472078422339, 14], [48.488476121229915, 10]], "completion": [[7.395567485619679, 4], [22.74885838058546, 12], [31.16841931272536, 14], [91.98196857008011, 13], [182.09524044045628, 14], [132.24806929136096, 10]], "reject": [[8, 0], [16, 0], [18, 0], [17, 0], [22, 4], [24, 10]], "qpu_usage": [[0.9605896058960589, 0.03942039420394204, 0.0, 0.0, 0.0], [0.8497284972849728, 0.14574145741457414, 0.0045400454004540045, 0.0, 0.0], [0.6074560745607456, 0.25509255092550925, 0.1374613746137461, 0.0, 0.0], [0.09210092100921008, 0.08305083050830508, 0.10734107341073411, 0.10765107651076511, 0.6098660986609865], [2.000020000200002e-05, 0.01976019760197602, 0.05229052290522905, 0.07051070510705107, 0.8574285742857428], [2.000020000200002e-05, 0.020680206802068023, 0.025060250602506027, 0.12956129561295612, 0.8246882468824689]]}
