{"exec": [[371.7329531869389, 193], [501.19916772501136, 259], [722.9272854210325, 349], [1016.8503187333324, 430], [1576.3495353372916, 510], [2467.8209456679647, 511], [1848.3162597365854, 354], [1128.7033939057321, 217], [583.6489805642307, 112], [382.97091424345876, 74]], "completion": [[372.0890872230691, 193], [501.78617065491676, 259], [724.045892746831, 349], [1028.1399084284567, 430], [1666.8577326615768, 510], [3629.994136429684, 511], [3397.0379968509583, 354], [2175.171046750652, 217], [1149.6574040156847, 112], [764.6520881166786, 74]], "reject": [[197, 0], [263, 0], [353, 0], [434, 0], [514, 0], [600, 85], [713, 355], [805, 584], [862, 746], [945, 867]], "qpu_usage": [[0.930749307493075, 0.06475064750647506, 0.004300043000430005, 0.00021000210002100023, 0.0], [0.874188741887419, 0.11633116331163312, 0.00923009230092301, 0.0002600026000260003, 0.0], [0.7819178191781917, 0.1810418104181042, 0.03152031520315203, 0.005170051700517006, 0.00036000360003600034], [0.5919859198591986, 0.28236282362823634, 0.0868308683086831, 0.025350253502535027, 0.013480134801348014], [0.35930359303593035, 0.2719427194271942, 0.16422164221642216, 0.09888098880988809, 0.1056610566105661], [0.03660036600366003, 0.04595045950459504, 0.06658066580665807, 0.08749087490874907, 0.7633876338763388], [2.000020000200002e-05, 0.00014000140001400014, 0.003060030600306003, 0.0038700387003870037, 0.992919929199292], [2.000020000200002e-05, 0.004790047900479005, 0.005230052300523006, 0.0029600296002960033, 0.9870098700987011], [2.000020000200002e-05, 0.001870018700187002, 0.003020030200302003, 0.013610136101361012, 0.9814898148981489], [2.0000200002000023e-05, 0.0018000180001800019, 0.014800148001480017, 0.004540045400454005, 0.9788497884978851]]}
