{"exec": [[346.67625449322367, 179], [528.4700537921232, 267], [704.4501313714051, 337], [1060.4813664532244, 448], [1719.639376316401, 538], [2638.1761273999737, 536], [1681.0928268241992, 322], [1127.7105153018226, 216], [682.6832348250217, 131], [404.4808913716082, 78]], "completion": [[346.98016695799987, 179], [529.1479313430884, 267], [705.6252996430162, 337], [1073.2637776449253, 448], [1829.22212542222, 538], [3895.9630403599763, 536], [3126.92933501583, 322], [2166.7020987012556, 216], [1344.9686099481444, 131], [803.254039399526, 78]], "reject": [[183, 0], [271, 0], [341, 0], [452, 0], [543, 1], [625, 85], [702, 376], [826, 606], [927, 792], [1045, 963]], "qpu_usage": [[0.930209302093021, 0.06550065500655007, 0.0035400354003540034, 0.0007600076000760008, 0.0], [0.8720387203872039, 0.11379113791137911, 0.013130131301313012, 0.0010500105001050011, 0.0], [0.7906579065790659, 0.17303173031730318, 0.02868028680286803, 0.006980069800698006, 0.0006600066000660007], [0.6021860218602186, 0.27091270912709126, 0.08804088040880409, 0.02715027150271503, 0.011720117201172012], [0.32779327793277935, 0.2855628556285563, 0.14534145341453414, 0.1051510515105151, 0.13616136161361614], [0.015180151801518015, 0.03959039590395904, 0.04330043300433004, 0.08581085810858108, 0.8161281612816128], [2.000020000200002e-05, 0.004700047000470005, 0.0035300353003530037, 0.004300043000430005, 0.987459874598746], [2.000020000200002e-05, 0.004320043200432004, 0.000990009900099001, 0.0024600246002460025, 0.9922199221992221], [2.000020000200002e-05, 0.0015100151001510016, 0.006390063900639007, 0.008910089100891009, 0.9831798317983179], [2.0000200002000023e-05, 0.000960009600096001, 0.012300123001230014, 0.005830058300583006, 0.98089980899809]]}
