{"exec": [[7.404900267217926, 4], [14.745142906930859, 8], [17.92846490339384, 9], [48.432583813531295, 21], [39.19504495044307, 19], [112.65797540607845, 27], [123.62272202713217, 24], [64.38639782831527, 13], [33.35680189811774, 7], [19.627027129075678, 4]], "completion": [[7.404900267217926, 4], [14.745142906930859, 8], [17.942071513480418, 9], [48.52066446592305, 21], [39.247022893449866, 19], [125.90220860369584, 27], [215.0323454696556, 24], [108.5045212550247, 13], [66.66135321797832, 7], [38.996370031767924, 4]], "reject": [[8, 0], [12, 0], [13, 0], [25, 0], [23, 0], [31, 0], [38, 10], [29, 12], [47, 36], [47, 39]], "qpu_usage": [[0.9394893948939489, 0.060520605206052056, 0.0, 0.0, 0.0], [0.927089270892709, 0.07085070850708508, 0.002070020700207002, 0.0, 0.0], [0.5940059400594006, 0.3386133861338613, 0.06739067390673907, 0.0, 0.0], [0.7201372013720138, 0.20928209282092822, 0.04944049440494405, 0.021150211502115022, 0.0], [0.5404154041540415, 0.35540355403554036, 0.1041910419104191, 0.0, 0.0], [0.05594055940559406, 0.11174111741117411, 0.14252142521425212, 0.27504275042750426, 0.41476414764147634], [2.000020000200002e-05, 0.00970009700097001, 0.008450084500845008, 0.044460444604446044, 0.9373793737937378], [0.035990359903599035, 0.11467114671146711, 0.022620226202262023, 0.13167131671316715, 0.6950569505695057], [2.000020000200002e-05, 0.004560045600456005, 0.05360053600536006, 0.15612156121561216, 0.7857078570785707], [2.000020000200002e-05, 0.015500155001550017, 0.062280622806228064, 0.007420074200742008, 0.9147891478914789]]}
