{"exec": [[3.6886285291509466, 2], [13.562398712602302, 7], [17.984099542835985, 9], [23.216396176223057, 12], [52.88644628958223, 19], [83.06118275697048, 22], [89.41867053040524, 18], [67.97094797849122, 14], [39.76769588344736, 8], [22.70198787989252, 5]], "completion": [[3.6886285291509466, 2], [13.591385275436693, 7], [17.98521838702805, 9], [23.21885664913004, 12], [53.05924538085853, 19], [91.93121913316891, 22], [139.14584698346434, 18], [127.45598773485713, 14], [76.95137636180203, 8], [45.513991317050326, 5]], "reject": [[6, 0], [11, 0], [13, 0], [16, 0], [23, 0], [26, 0], [30, 8], [41, 23], [49, 37], [44, 35]], "qpu_usage": [[0.9464494644946448, 0.05356053560535605, 0.0, 0.0, 0.0], [0.939759397593976, 0.055030550305503065, 0.0052200522005220054, 0.0, 0.0], [0.8050980509805099, 0.1734817348173482, 0.021430214302143025, 0.0, 0.0], [0.7997379973799738, 0.16967169671696714, 0.030600306003060025, 0.0, 0.0], [0.33921339213392127, 0.2532025320253202, 0.28851288512885126, 0.08516085160851607, 0.033920339203392026], [0.17196171961719617, 0.24964249642496422, 0.1807418074180742, 0.13725137251372513, 0.2604126041260412], [2.000020000200002e-05, 0.006700067000670006, 0.18196181961819616, 0.11656116561165611, 0.6947669476694766], [2.000020000200002e-05, 0.012000120001200012, 0.07047070470704707, 0.08383083830838309, 0.8336883368833689], [2.000020000200002e-05, 0.023520235202352024, 0.03923039230392304, 0.027210272102721027, 0.9100291002910029], [2.000020000200002e-05, 0.09130091300913008, 0.06416064160641606, 0.035370353703537034, 0.8091580915809157]]}
