{"exec": [[189.11485120293145, 100], [240.07683715209663, 126], [366.6667227495682, 187], [469.15334868092884, 220], [586.851274928197, 234], [1181.923844834309, 302], [1045.1174353621254, 203], [662.3008737489885, 127], [363.63583531741864, 70], [206.2152706111239, 40]], "completion": [[189.2120685635287, 100], [240.17540979527, 126], [366.96398552441485, 187], [470.2538186077896, 220], [593.3159616769126, 234], [1398.5523838607623, 302], [1834.0331872556867, 203], [1248.9859404925812, 127], [717.1628344560527, 70], [413.7129189681624, 40]], "reject": [[104, 0], [130, 0], [191, 0], [224, 0], [238, 0], [308, 2], [342, 135], [391, 260], [451, 377], [489, 445]]}
