{"exec": [[6.259375549014237, 3], [16.18787441189835, 8], [34.493550446113105, 15], [68.02241555108728, 15], [68.90441008405212, 14], [48.1325196505066, 10]], "completion": [[6.261998723324098, 3], [16.189571419396344, 8], [34.599828830332186, 15], [80.47046995125369, 15], [183.72688904207587, 14], [134.2378836610341, 10]], "reject": [[7, 0], [12, 0], [19, 0], [19, 0], [27, 9], [26, 12]], "qpu_usage": [[0.973749737497375, 0.02328023280232803, 0.0029800298002980036, 0.0, 0.0], [0.8768187681876819, 0.11094110941109411, 0.012250122501225013, 0.0, 0.0], [0.5246852468524685, 0.2657826578265783, 0.1742617426174262, 0.03528035280352804, 0.0], [0.01722017220172202, 0.13169131691316913, 0.10009100091000911, 0.11496114961149612, 0.6360463604636047], [2.000020000200002e-05, 0.08202082020820207, 0.024170241702417022, 0.05339053390533906, 0.8404084040840408], [2.000020000200002e-05, 0.022950229502295024, 0.07353073530735307, 0.021160211602116022, 0.882348823488235]]}
