{"exec": [[343.1707427336807, 177], [571.6199655075673, 285], [763.2727791383668, 368], [1077.4296762287456, 454], [1753.1659256896462, 544], [2767.9965019899796, 555], [1859.3855454662462, 356], [1069.9989802808818, 205], [677.0848782343483, 130], [410.2832783862506, 79]], "completion": [[343.39489339687344, 177], [572.6199764616366, 285], [764.8825317467623, 368], [1085.7702309046624, 454], [1940.3966790675279, 544], [4226.183140440306, 555], [3387.1608066688664, 356], [2064.0869439634034, 205], [1332.9245215905644, 130], [817.6590001340163, 79]], "reject": [[181, 0], [289, 0], [372, 0], [458, 0], [548, 0], [671, 112], [724, 364], [808, 599], [868, 734], [990, 907]], "qpu_usage": [[0.936389363893639, 0.059480594805948056, 0.003610036100361004, 0.0005300053000530005, 0.0], [0.8724087240872408, 0.11152111521115211, 0.014550145501455013, 0.0015300153001530014, 0.0], [0.7707877078770787, 0.18916189161891617, 0.034390343903439036, 0.005670056700567006, 0.0], [0.5983659836598365, 0.27628276282762826, 0.08535085350853508, 0.025730257302573025, 0.014280142801428015], [0.31829318293182934, 0.2805328053280533, 0.15306153061530617, 0.1026210262102621, 0.14550145501455017], [0.02139021390213902, 0.043250432504325045, 0.03836038360383604, 0.03980039800398004, 0.8572085720857209], [2.000020000200002e-05, 0.0018300183001830018, 0.002170021700217002, 0.005220052200522005, 0.9907699076990769], [2.000020000200002e-05, 0.0011700117001170014, 0.0022900229002290025, 0.004700047000470005, 0.9918299182991831], [2.000020000200002e-05, 0.007000070000700007, 0.0011400114001140012, 0.004530045300453004, 0.987319873198732], [2.0000200002000023e-05, 0.003660036600366004, 0.0003600036000360004, 0.014010140101401015, 0.9819598195981961]]}
