{"exec": [[0, 0], [11.308271545695675, 6], [29.28902319459337, 15], [33.532613566668104, 14], [68.01612118952505, 28], [60.73747210399863, 21], [113.67358576315951, 22], [65.03554353391894, 13], [23.377280821385153, 5], [23.12128131775915, 5]], "completion": [[0, 0], [11.31650763158774, 6], [29.294651924157293, 15], [33.69204626102503, 14], [68.33296728157752, 28], [61.03570208059206, 21], [199.7116690503489, 22], [115.98531058876438, 13], [44.1755238302575, 5], [47.71856683616574, 5]], "reject": [[4, 0], [10, 0], [19, 0], [18, 0], [32, 0], [25, 0], [43, 17], [35, 18], [36, 27], [56, 47]], "qpu_usage": [[0.9735197351973519, 0.026490264902649028, 0.0, 0.0, 0.0], [0.941359413594136, 0.05743057430574306, 0.0012200122001220011, 0.0, 0.0], [0.8473784737847379, 0.14123141231412314, 0.011400114001140011, 0.0, 0.0], [0.5178651786517864, 0.3500735007350073, 0.08573085730857308, 0.04634046340463405, 0.0], [0.40234402344023446, 0.33608336083360835, 0.2089820898208982, 0.05030050300503005, 0.002300023000230002], [0.13785137851378515, 0.3125231252312523, 0.31998319983199836, 0.1822818228182282, 0.04737047370473705], [2.000020000200002e-05, 0.022740227402274025, 0.03390033900339003, 0.04885048850488505, 0.8944989449894499], [2.000020000200002e-05, 0.06959069590695907, 0.06821068210682106, 0.02916029160291603, 0.8330283302833028], [2.000020000200002e-05, 0.11585115851158512, 0.018650186501865017, 0.038230382303823036, 0.8272582725827258], [2.000020000200002e-05, 0.10607106071060711, 0.006390063900639007, 0.057490574905749055, 0.8300383003830037]]}
