{"exec": [[23.995924644799516, 13], [70.59278108403855, 32], [97.34527676952743, 45], [262.9739247401284, 56], [123.20528650076744, 24], [47.07741092349232, 10]], "completion": [[23.995924644799516, 13], [70.76537509412212, 32], [97.63250963154177, 45], [371.18462173442845, 56], [232.76423566788242, 24], [95.69683034279075, 10]], "reject": [[17, 0], [36, 0], [49, 0], [64, 4], [81, 53], [100, 86]]}
