{"exec": [[25.390375851006326, 13], [44.86098396439192, 24], [102.76115567807425, 46], [315.3222596655217, 62], [124.21865577519225, 24], [41.071122414537314, 8]], "completion": [[25.411484157010193, 13], [44.87856481064753, 24], [103.10409182144292, 46], [425.03276142207716, 62], [239.72899397881125, 24], [79.93502374435317, 8]], "reject": [[17, 0], [28, 0], [50, 0], [69, 3], [97, 69], [89, 77]]}
