{"exec": [1.8361128760944705, 1.832196092034593, 2.019534363285151, 3.0297894758268455, 4.576266894778714, 4.821878687594994], "completion": [1.8361128760944705, 1.832196092034593, 2.0212052174517448, 3.0459806202318314, 8.891161585408188, 9.758495864853824]}
