{"exec": [[8.772232760925391, 4], [17.228434051498695, 9], [30.212699398413903, 14], [40.209859372711946, 20], [32.57001275465193, 16], [72.87920677190517, 21], [116.27135937287665, 23], [62.11744844641512, 12], [39.747840284894764, 8], [19.403144354025155, 4]], "completion": [[8.785654918950428, 4], [17.231260747144475, 9], [30.287849680369476, 14], [40.23834042304361, 20], [32.616726068484226, 16], [80.59163318682269, 21], [189.65637516800953, 23], [109.6808050308666, 12], [78.41589762975639, 8], [38.15343008653571, 4]], "reject": [[8, 0], [13, 0], [18, 0], [24, 0], [20, 0], [25, 0], [38, 11], [37, 21], [41, 29], [43, 35]], "qpu_usage": [[0.9342093420934208, 0.05374053740537405, 0.012060120601206011, 0.0, 0.0], [0.921459214592146, 0.07507075070750707, 0.0034800348003480035, 0.0, 0.0], [0.8174781747817478, 0.15906159061590616, 0.011810118101181013, 0.011660116601166013, 0.0], [0.6698966989669897, 0.29169291692916927, 0.038420384203842035, 0.0, 0.0], [0.4393743937439374, 0.4481544815448154, 0.11248112481124811, 0.0, 0.0], [0.2578725787257873, 0.35718357183571836, 0.11967119671196713, 0.08723087230872309, 0.17805178051780518], [2.000020000200002e-05, 0.01857018570185702, 0.05360053600536006, 0.05822058220582206, 0.8695986959869599], [2.000020000200002e-05, 0.04989049890498905, 0.0018300183001830018, 0.054810548105481055, 0.8934589345893459], [2.0000200002000023e-05, 0.008270082700827009, 0.027000270002700028, 0.05683056830568306, 0.907889078890789], [2.000020000200002e-05, 0.053440534405344055, 0.01075010750107501, 0.043900439004390036, 0.8918989189891898]]}
