{"exec": [1.8488147022504506, 1.8501578365354827, 2.119624551582122, 4.646922848790206, 4.950296974551784, 4.9065692822689195], "completion": [1.8488147022504506, 1.8501578365354827, 2.126384190950025, 6.988424112114982, 8.045673939225159, 9.759104525686892]}
