{"exec": [[159.13000533958754, 85], [251.49149304434175, 133], [355.58137306548497, 183], [431.29984171466697, 203], [638.212652478177, 260], [932.7059474274221, 275], [1158.5110471780863, 223], [617.1590920656051, 119], [373.5208664688505, 72], [206.16319073708792, 40]], "completion": [[159.18660695395985, 85], [251.64722882099795, 133], [355.96334319556405, 183], [432.2729281077581, 203], [645.550051896189, 260], [1014.9108221083967, 275], [1983.0995693427947, 223], [1174.4012269215812, 119], [730.2715246401846, 72], [412.0278569466004, 40]], "reject": [[89, 0], [137, 0], [187, 0], [207, 0], [264, 0], [280, 1], [364, 137], [403, 280], [440, 364], [493, 449]]}
