{"exec": [[9.282901879983257, 5], [13.01197017933108, 7], [24.808854330014775, 12], [69.70272991614326, 14], [68.21179635090337, 14], [49.238597607112325, 10]], "completion": [[9.282901879983257, 5], [13.01197017933108, 7], [24.81992354734283, 12], [102.00189002923767, 14], [192.28303963721535, 14], [129.32660531755607, 10]], "reject": [[9, 0], [11, 0], [16, 0], [18, 0], [29, 11], [23, 9]], "qpu_usage": [[0.9594395943959438, 0.04057040570405703, 0.0, 0.0, 0.0], [0.8752287522875231, 0.11550115501155013, 0.00928009280092801, 0.0, 0.0], [0.5851558515585156, 0.3129231292312923, 0.040140401404014044, 0.06179061790617906, 0.0], [2.000020000200002e-05, 0.03318033180331803, 0.1053810538105381, 0.042440424404244045, 0.8189881898818988], [2.000020000200002e-05, 0.0063100631006310064, 0.1101911019110191, 0.01986019860198602, 0.8636286362863628], [2.000020000200002e-05, 0.005050050500505005, 0.09275092750927509, 0.021220212202122023, 0.880968809688097]]}
