{"exec": [[25.831102199272692, 14], [53.883328142525286, 27], [107.30367321051872, 49], [268.1937724256402, 55], [117.59487348612646, 23], [39.02664893423662, 8]], "completion": [[25.831102199272692, 14], [53.98511887509433, 27], [107.51692574842332, 49], [391.3611691702232, 55], [227.47727794452317, 23], [79.75100580826518, 8]], "reject": [[18, 0], [31, 0], [53, 0], [65, 6], [94, 67], [95, 83]]}
