{"exec": [[7.318641312935426, 4], [16.46619983447914, 9], [23.126215862887474, 10], [56.56006045518244, 14], [69.20637264336467, 14], [47.692169946914944, 10]], "completion": [[7.318641312935426, 4], [16.46619983447914, 9], [23.1843903924075, 10], [61.97665972872058, 14], [173.65285008418027, 14], [136.18141641105024, 10]], "reject": [[8, 0], [13, 0], [14, 0], [18, 0], [22, 4], [28, 14]], "qpu_usage": [[0.9673496734967351, 0.03266032660326603, 0.0, 0.0, 0.0], [0.8082280822808229, 0.1917819178191782, 0.0, 0.0, 0.0], [0.5310353103531035, 0.2987229872298723, 0.15585155851558516, 0.014400144001440015, 0.0], [0.07607076070760707, 0.24518245182451825, 0.26480264802648024, 0.06177061770617707, 0.35218352183521834], [2.000020000200002e-05, 0.04514045140451404, 0.05038050380503805, 0.05391053910539105, 0.8505585055850559], [2.000020000200002e-05, 0.026340263402634026, 0.09032090320903209, 0.025280252802528026, 0.8580485804858048]]}
