{"exec": [[11.04548714112886, 6], [23.905725128088392, 12], [30.34898008115121, 15], [26.60550410836337, 14], [49.197258168306234, 18], [130.07490955259226, 29], [102.4046101516747, 20], [66.53326211355119, 13], [41.010846371037275, 8], [20.27317957673869, 4]], "completion": [[11.04548714112886, 6], [23.94392190609213, 12], [30.39966671830797, 15], [26.66008680262389, 14], [49.96452588022751, 18], [161.72269341086758, 29], [171.93685558842014, 20], [117.54224943170723, 13], [79.22732662392505, 8], [39.06538669472462, 4]], "reject": [[10, 0], [16, 0], [19, 0], [18, 0], [22, 0], [33, 0], [33, 9], [30, 13], [38, 26], [50, 42]], "qpu_usage": [[0.9368093680936809, 0.06320063200632006, 0.0, 0.0, 0.0], [0.8868188681886819, 0.10262102621026212, 0.01057010570105701, 0.0, 0.0], [0.8075980759807597, 0.15519155191551917, 0.03722037220372204, 0.0, 0.0], [0.7420374203742038, 0.24698246982469826, 0.010990109901099013, 0.0, 0.0], [0.5123951239512395, 0.2991129911299113, 0.11463114631146311, 0.024800248002480024, 0.04907049070490705], [0.07201072010720107, 0.14953149531495316, 0.15761157611576115, 0.07736077360773608, 0.5434954349543496], [2.000020000200002e-05, 0.017750177501775016, 0.03184031840318403, 0.057840578405784056, 0.8925589255892559], [2.000020000200002e-05, 0.04854048540485405, 0.013390133901339012, 0.0930809308093081, 0.8449784497844979], [2.0000200002000023e-05, 0.031030310303103034, 0.01919019190191902, 0.03174031740317404, 0.918029180291803], [2.000020000200002e-05, 0.045580455804558044, 0.014410144101441013, 0.029300293002930033, 0.9106991069910699]]}
