{"exec": [[9.068895930864414, 5], [46.831375124597315, 25], [83.32454772502655, 38], [282.9458274867403, 55], [122.03981284763192, 24], [42.85297582929502, 9]], "completion": [[9.068895930864414, 5], [46.86123111389347, 25], [83.53694493163508, 38], [491.00003363388134, 55], [404.82444268130456, 24], [152.62738634669026, 9]], "reject": [[15, 0], [35, 0], [48, 0], [65, 0], [78, 44], [93, 74]]}
