{"exec": [[157.08442576902664, 84], [231.56846052705043, 123], [343.8655390826808, 173], [526.9713535094136, 235], [672.5749306740062, 246], [1159.5353509061283, 291], [1148.1097903254013, 221], [660.0920434342081, 127], [367.8241765534833, 71], [206.13769627619374, 40]], "completion": [[157.16936587719428, 84], [231.67227579900674, 123], [344.2196484075972, 173], [538.4397134281506, 235], [691.5114386621017, 246], [1426.4926867190075, 291], [1936.4450235657407, 221], [1263.0368525387153, 127], [723.9059738931609, 71], [408.75979988421096, 40]], "reject": [[88, 0], [127, 0], [177, 0], [239, 0], [250, 0], [308, 13], [322, 97], [420, 289], [459, 384], [511, 467]]}
