{"exec": [[150.2394308036213, 81], [214.61723251643372, 115], [343.0833799254744, 175], [469.9399468099608, 219], [710.4896179901519, 269], [1237.1528958141341, 298], [1147.8119271857533, 221], [660.3359993898241, 127], [367.4357061070666, 71], [186.28800275968206, 36]], "completion": [[150.2394308036213, 81], [214.68192990242284, 115], [343.47785781921465, 175], [471.1106807499446, 219], [724.1786334647021, 269], [1506.1977738235548, 298], [1974.1447632522206, 221], [1264.472723655004, 127], [718.9530921975079, 71], [368.77720183794656, 36]], "reject": [[85, 0], [119, 0], [179, 0], [223, 0], [273, 0], [313, 11], [373, 148], [391, 260], [453, 378], [467, 427]]}
