{"exec": [1.8602384655785162, 2.0117711030088286, 2.2830731212625843, 4.882585337504093, 4.95231967117833, 4.845842706569189], "completion": [1.8602384655785162, 2.0148991087795824, 2.284448301368506, 7.321780550610552, 7.974881713410088, 9.171000704769561]}
