{"exec": [[14.994417744836426, 8], [40.72800797416069, 22], [82.96986679062442, 39], [263.5517653761417, 57], [102.59997397397736, 20], [41.37026249542791, 8]], "completion": [[14.994417744836426, 8], [40.74268116709639, 22], [83.21304758500224, 39], [357.6094519617337, 57], [195.64026944190337, 20], [81.74831510399798, 8]], "reject": [[12, 0], [26, 0], [43, 0], [62, 1], [80, 56], [91, 79]]}
