{"exec": [[359.5728605851341, 189], [533.8353604290859, 266], [845.9039727563616, 395], [1074.8267448303316, 450], [1877.7794456736974, 575], [2559.194788172572, 518], [1849.5418409912152, 354], [1085.3076209441517, 208], [650.423829853088, 125], [409.6377342720082, 79]], "completion": [[359.7619283214368, 189], [534.5316583825758, 266], [847.9715914831862, 395], [1079.7112597366156, 450], [1985.3518530723936, 575], [3944.583171187643, 518], [3312.6777550188126, 354], [2086.0319416497327, 208], [1272.5638829964514, 125], [811.8981018157477, 79]], "reject": [[193, 0], [270, 0], [399, 0], [454, 0], [580, 1], [625, 103], [702, 344], [835, 623], [881, 752], [952, 869]], "qpu_usage": [[0.9316693166931669, 0.06521065210652106, 0.0031300313003130033, 0.0, 0.0], [0.8732787327873279, 0.1109211092110921, 0.013990139901399013, 0.0018200182001820017, 0.0], [0.7464474644746447, 0.2034320343203432, 0.03914039140391404, 0.00936009360093601, 0.0016300163001630016], [0.5981659816598167, 0.2749127491274913, 0.07957079570795708, 0.03669036690366904, 0.01067010670106701], [0.27149271492714927, 0.27234272342723426, 0.17757177571775717, 0.12950129501295013, 0.14910149101491013], [0.024190241902419026, 0.04054040540405404, 0.04389043890438905, 0.06905069050690507, 0.822338223382234], [2.000020000200002e-05, 0.0019700197001970023, 0.0024200242002420025, 0.006160061600616006, 0.9894398943989441], [2.000020000200002e-05, 0.003040030400304003, 0.001010010100101001, 0.004790047900479005, 0.991149911499115], [2.000020000200002e-05, 0.0033600336003360032, 0.005980059800598006, 0.004890048900489005, 0.985759857598576], [2.000020000200002e-05, 0.004770047700477004, 0.00966009660096601, 0.005390053900539005, 0.9801698016980169]]}
