{"exec": [[38.7879874714728, 20], [59.14817570719455, 30], [89.7545367850414, 36], [210.6095180227519, 48], [124.15630110592754, 24], [39.32905901574588, 8]], "completion": [[38.842152139483034, 20], [59.25323838954319, 30], [90.01684656987139, 36], [299.43441488761, 48], [239.0948797225139, 24], [78.99260045021009, 8]], "reject": [[24, 0], [34, 0], [40, 0], [62, 10], [82, 54], [89, 77]]}
