{"exec": [1.85851726786305, 1.8553031428448898, 2.024674541633665, 4.890255280530193, 4.892154600463423, 4.846000679412517], "completion": [1.85851726786305, 1.8553031428448898, 2.02668690109182, 6.788327646799701, 8.71709165538488, 10.01300099818252]}
