{"exec": [[377.7531945810722, 199], [593.0322816804611, 298], [885.0469923301745, 414], [1010.3166414005383, 436], [1679.2563270347014, 523], [2690.202229459025, 546], [1805.389687791001, 346], [1068.8678077737852, 205], [649.8649678654475, 125], [372.7469616499067, 72]], "completion": [[377.9405888259698, 199], [593.7017402225188, 298], [886.9475119922812, 414], [1015.6088431770766, 436], [1819.3663288475861, 523], [3923.4643769075224, 546], [3292.332316927254, 346], [2066.6942024092186, 205], [1281.2815053580703, 125], [743.3644382887704, 72]], "reject": [[203, 0], [302, 0], [418, 0], [440, 0], [531, 4], [627, 77], [751, 401], [819, 610], [880, 751], [926, 850]], "qpu_usage": [[0.9280492804928049, 0.06901069010690106, 0.002950029500295003, 0.0, 0.0], [0.8626286262862629, 0.12170121701217013, 0.014560145601456015, 0.0011200112001120012, 0.0], [0.7439474394743947, 0.2041620416204162, 0.041680416804168036, 0.008560085600856008, 0.0016600166001660016], [0.6117561175611756, 0.26928269282692824, 0.08599085990859909, 0.025450254502545025, 0.007530075300753007], [0.3052630526305263, 0.27965279652796526, 0.16592165921659216, 0.1024610246102461, 0.14671146711467112], [0.01711017110171102, 0.037130371303713036, 0.041030410304103045, 0.08407084070840709, 0.820668206682067], [2.000020000200002e-05, 0.0017400174001740017, 0.001050010500105001, 0.007640076400764007, 0.989559895598956], [2.0000200002000023e-05, 0.004050040500405004, 0.005700057000570006, 0.002940029400294003, 0.9872998729987301], [2.000020000200002e-05, 0.0024200242002420025, 0.0006800068000680007, 0.018430184301843018, 0.978459784597846], [2.000020000200002e-05, 0.0023800238002380024, 0.011280112801128011, 0.01082010820108201, 0.975509755097551]]}
