{"exec": [[3.5864648456119994, 2], [18.45531654620136, 10], [14.97646202327229, 8], [46.42659620053675, 22], [73.30357996627612, 24], [110.96920835971011, 29], [93.88402311485959, 19], [75.23166447320679, 15], [40.8346534263905, 8], [23.340901293900338, 5]], "completion": [[3.5864648456119994, 2], [18.462978868425907, 10], [14.97646202327229, 8], [46.57546436493102, 22], [82.95388630126192, 24], [128.34355307442212, 29], [135.18930945253268, 19], [136.73844582224058, 15], [77.3198947252504, 8], [47.51765823121426, 5]], "reject": [[6, 0], [14, 0], [12, 0], [26, 0], [28, 0], [33, 0], [28, 5], [37, 18], [49, 37], [50, 41]], "qpu_usage": [[0.9746397463974641, 0.025370253702537027, 0.0, 0.0, 0.0], [0.9214192141921419, 0.07859078590785908, 0.0, 0.0, 0.0], [0.8872088720887209, 0.11280112801128013, 0.0, 0.0, 0.0], [0.6463564635646357, 0.2799027990279903, 0.06417064170641706, 0.00958009580095801, 0.0], [0.5162751627516275, 0.2630226302263023, 0.07904079040790407, 0.04265042650426504, 0.0990209902099021], [0.1752917529175292, 0.1915919159191592, 0.24014240142401425, 0.11846118461184613, 0.2745227452274523], [0.013210132101321014, 0.07776077760777607, 0.03831038310383104, 0.06593065930659307, 0.8047980479804797], [2.000020000200002e-05, 0.011680116801168011, 0.05905059050590506, 0.018800188001880016, 0.9104591045910458], [2.0000200002000023e-05, 0.03828038280382804, 0.02681026810268103, 0.05375053750537506, 0.881148811488115], [2.000020000200002e-05, 0.1065710657106571, 0.009610096100961009, 0.03500035000350003, 0.8488084880848809]]}
