{"exec": [1.8334782415291784, 2.0871312155685042, 2.1601078772825657, 4.6027309524537605, 4.928372506183209, 4.77842769177251], "completion": [1.8334782415291784, 2.0900552468770024, 2.1687078307617935, 5.040319019925787, 8.808427524662322, 9.497155270647767]}
