{"exec": [[0, 0], [22.76911304492552, 11], [25.66418951061827, 11], [33.49598465747803, 16], [31.53642297814418, 15], [78.7586123346116, 24], [98.67369555672566, 20], [70.69823459850767, 14], [40.237179767404896, 8], [23.860083903348283, 5]], "completion": [[0, 0], [22.827497514948362, 11], [25.687397400350676, 11], [33.619532170495205, 16], [31.603590629651354, 15], [81.97853490557932, 24], [164.26811898657297, 20], [129.67321849029366, 14], [76.32088815933332, 8], [47.42501257353091, 5]], "reject": [[4, 0], [15, 0], [15, 0], [20, 0], [19, 0], [28, 0], [40, 16], [40, 22], [43, 31], [47, 38]], "qpu_usage": [[0.970249702497025, 0.029760297602976032, 0.0, 0.0, 0.0], [0.9059790597905979, 0.07975079750797508, 0.014280142801428015, 0.0, 0.0], [0.8766087660876608, 0.0998209982099821, 0.008140081400814007, 0.015440154401544014, 0.0], [0.6589865898658986, 0.25226252262522625, 0.08876088760887609, 0.0, 0.0], [0.6280162801628016, 0.25435254352543524, 0.08487084870848709, 0.032770327703277036, 0.0], [0.24327243272432725, 0.24281242812428125, 0.2563425634256343, 0.12304123041230411, 0.1345413454134541], [2.000020000200002e-05, 0.03140031400314003, 0.032970329703297024, 0.11654116541165412, 0.8190781907819077], [2.000020000200002e-05, 0.02249022490224902, 0.03912039120391204, 0.10640106401064009, 0.8319783197831978], [2.000020000200002e-05, 0.02242022420224202, 0.009720097200972009, 0.06394063940639406, 0.9039090390903909], [2.000020000200002e-05, 0.10022100221002209, 0.00938009380093801, 0.016020160201602015, 0.8743687436874368]]}
