{"exec": [[12.440869600919825, 6], [12.752674503918204, 6], [15.017099491295692, 8], [55.67245068999988, 13], [70.54908080809477, 14], [48.339846090697925, 10]], "completion": [[12.474856884623478, 6], [12.805583397957019, 6], [15.048371401564033, 8], [69.23858849414837, 13], [170.75623259306275, 14], [132.25878946330658, 10]], "reject": [[10, 0], [10, 0], [12, 0], [17, 0], [20, 2], [24, 10]], "qpu_usage": [[0.9564995649956499, 0.038150381503815035, 0.005360053600536005, 0.0, 0.0], [0.8105181051810517, 0.15835158351583517, 0.031140311403114036, 0.0, 0.0], [0.6741567415674157, 0.29449294492944933, 0.031360313603136035, 0.0, 0.0], [0.16070160701607014, 0.10081100811008109, 0.13883138831388311, 0.13331133311333113, 0.4663546635466354], [2.000020000200002e-05, 0.020040200402004018, 0.05513055130551306, 0.04270042700427005, 0.8821188211882119], [2.000020000200002e-05, 0.006500065000650007, 0.09956099560995611, 0.014930149301493017, 0.8789987899878998]]}
