{"exec": [[22.36679464081756, 12], [75.58064235641059, 39], [126.10806111233997, 52], [250.71691155079267, 56], [122.53480696170641, 24], [43.22706123091824, 9]], "completion": [[22.36679464081756, 12], [75.6766095832572, 39], [126.4881491154373, 52], [342.5085867735088, 56], [234.89343627200932, 24], [87.37863307872361, 9]], "reject": [[16, 0], [43, 0], [56, 0], [68, 8], [74, 46], [96, 83]]}
