{"exec": [[5.437892435180004, 3], [22.203889798928437, 12], [23.05680148112486, 10], [69.3168960822018, 15], [69.56246231297361, 14], [49.005067804591064, 10]], "completion": [[5.437892435180004, 3], [22.203889798928437, 12], [23.165535280071346, 10], [79.38033095621559, 15], [178.77963184667502, 14], [136.89013750281177, 10]], "reject": [[7, 0], [16, 0], [14, 0], [19, 0], [24, 6], [29, 15]], "qpu_usage": [[0.9515095150951509, 0.04850048500485005, 0.0, 0.0, 0.0], [0.8484084840848408, 0.15160151601516014, 0.0, 0.0, 0.0], [0.6406864068640686, 0.23397233972339723, 0.12535125351253512, 0.0, 0.0], [2.000020000200002e-05, 0.025340253402534027, 0.04181041810418104, 0.34100341003410034, 0.5918359183591836], [2.000020000200002e-05, 0.02809028090280903, 0.034140341403414036, 0.07026070260702608, 0.8674986749867499], [2.000020000200002e-05, 0.011160111601116011, 0.059000590005900064, 0.033810338103381035, 0.8960189601896019]]}
