{"exec": [[1.8980561929901114, 1], [49.49536311729632, 24], [73.80843273067461, 34], [275.96823378579563, 57], [100.65511555869284, 20], [50.836825100405804, 10]], "completion": [[1.8980561929901114, 1], [49.57305592021369, 24], [74.01451541493294, 34], [490.6395615054922, 57], [330.6540066337291, 20], [175.03016662428865, 10]], "reject": [[11, 0], [34, 0], [44, 0], [67, 0], [71, 41], [96, 76]]}
