{"exec": [[11.043207066624177, 6], [53.38330871351886, 27], [79.30626271453659, 38], [206.81680713559297, 51], [111.80256466801401, 22], [38.388204593488446, 8]], "completion": [[11.043207066624177, 6], [53.479364852175536, 27], [79.51231585781088, 38], [256.6047708999221, 51], [374.94212210295586, 22], [139.993706869211, 8]], "reject": [[16, 0], [37, 0], [48, 0], [61, 0], [79, 47], [103, 85]]}
