{"exec": [[9.265240810661567, 5], [16.878350403205815, 9], [14.710018433365974, 8], [39.26328462822957, 16], [58.34257495338762, 24], [75.85747878564496, 23], [97.28700596761922, 19], [70.21460259911508, 14], [39.95437914707729, 8], [20.51981876031614, 4]], "completion": [[9.265240810661567, 5], [16.882123634771716, 9], [14.710018433365974, 8], [39.446658421411065, 16], [58.511446085229665, 24], [81.2139725866592, 23], [156.793426314469, 19], [131.93726460479874, 14], [76.45538279327009, 8], [39.75682304518069, 4]], "reject": [[9, 0], [13, 0], [12, 0], [20, 0], [28, 0], [27, 0], [27, 4], [41, 23], [45, 33], [55, 47]], "qpu_usage": [[0.9505295052950529, 0.04948049480494804, 0.0, 0.0, 0.0], [0.916949169491695, 0.07310073100731007, 0.00996009960099601, 0.0, 0.0], [0.888078880788808, 0.11193111931119311, 0.0, 0.0, 0.0], [0.7336273362733627, 0.1968019680196802, 0.031820318203182034, 0.03776037760377604, 0.0], [0.4651746517465175, 0.3564535645356454, 0.12393123931239314, 0.024530245302453027, 0.02992029920299203], [0.24122241222412225, 0.24061240612406123, 0.16189161891618917, 0.16306163061630619, 0.1932219322193222], [2.000020000200002e-05, 0.02198021980219802, 0.07520075200752008, 0.06912069120691205, 0.8336883368833689], [2.000020000200002e-05, 0.00828008280082801, 0.08221082210822109, 0.06429064290642907, 0.8452084520845209], [2.000020000200002e-05, 0.03259032590325903, 0.02914029140291403, 0.07094070940709407, 0.867318673186732], [2.000020000200002e-05, 0.004870048700487005, 0.014850148501485017, 0.014900149001490014, 0.965369653696537]]}
