{"exec": [[0, 0], [13.09365002562879, 7], [27.897166360843734, 15], [64.92971522074403, 23], [40.379495553714975, 19], [74.7533988049899, 23], [111.98169570698025, 22], [65.57957500043332, 13], [39.87379304469535, 8], [19.576562992267984, 4]], "completion": [[0, 0], [13.09365002562879, 7], [27.899038993865197, 15], [66.21680829790469, 23], [40.47736348634987, 19], [77.19599855045806, 23], [182.23842614569523, 22], [118.09215031449796, 13], [77.18066285996044, 8], [37.81671207919724, 4]], "reject": [[4, 0], [11, 0], [19, 0], [27, 0], [23, 0], [27, 0], [32, 6], [28, 11], [47, 35], [48, 40]], "qpu_usage": [[0.9563195631956319, 0.043690436904369044, 0.0, 0.0, 0.0], [0.9089790897908979, 0.0910309103091031, 0.0, 0.0, 0.0], [0.8407384073840738, 0.15877158771587718, 0.0005000050000500005, 0.0, 0.0], [0.5651756517565175, 0.24319243192431922, 0.09035090350903509, 0.07501075010750106, 0.026280262802628022], [0.5705957059570596, 0.27225272252722527, 0.13919139191391913, 0.01797017970179702, 0.0], [0.14685146851468514, 0.26773267732677325, 0.1823318233182332, 0.18026180261802618, 0.22283222832228322], [2.000020000200002e-05, 0.04046040460404604, 0.05962059620596206, 0.06336063360633608, 0.8365483654836549], [2.000020000200002e-05, 0.0966209662096621, 0.027100271002710025, 0.03579035790357904, 0.8404784047840479], [2.000020000200002e-05, 0.007900079000790008, 0.04090040900409004, 0.06415064150641506, 0.8870388703887039], [2.000020000200002e-05, 0.02230022300223002, 0.007300073000730007, 0.1093410934109341, 0.8610486104861049]]}
