{"exec": [[346.20968538106536, 179], [507.5566574329681, 260], [683.6432794292523, 327], [1173.7012957229256, 492], [1657.6693420407562, 538], [2772.907997893444, 555], [1846.9529841535482, 354], [1126.2873046358504, 216], [667.9700619395302, 128], [399.77365384246025, 77]], "completion": [[346.484588255379, 179], [508.1927642709576, 260], [685.2022791159983, 327], [1179.8037387916622, 492], [1763.5273540473818, 538], [4233.38552539951, 555], [3361.0094139186217, 354], [2158.2151761975506, 216], [1311.4481060256783, 128], [794.7122735316526, 77]], "reject": [[183, 0], [264, 0], [331, 0], [496, 0], [542, 0], [664, 105], [756, 398], [830, 610], [900, 768], [1009, 928]], "qpu_usage": [[0.9297092970929709, 0.06535065350653507, 0.004900049000490005, 5.0000500005000046e-05, 0.0], [0.8814588145881459, 0.1078310783107831, 0.010440104401044011, 0.0002800028000280003, 0.0], [0.7380773807738077, 0.2136821368213682, 0.041470414704147036, 0.005770057700577006, 0.001010010100101001], [0.5709857098570986, 0.27921279212792127, 0.1052010520105201, 0.032190321903219035, 0.012420124201242012], [0.2848828488284883, 0.2929929299292993, 0.1978819788197882, 0.10769107691076911, 0.11656116561165611], [0.022390223902239024, 0.022810228102281022, 0.035330353303533034, 0.06485064850648506, 0.8546285462854628], [2.0000200002000023e-05, 0.004610046100461005, 0.003650036500365004, 0.005740057400574006, 0.9859898598985991], [2.000020000200002e-05, 0.000950009500095001, 0.002970029700297003, 0.010900109001090012, 0.985169851698517], [2.000020000200002e-05, 0.0036800368003680035, 0.002450024500245003, 0.006390063900639006, 0.987469874698747], [2.000020000200002e-05, 0.004210042100421005, 0.001840018400184002, 0.014570145701457014, 0.979369793697937]]}
