{"exec": [[143.68747196854926, 77], [255.5383214802958, 136], [332.0517218231771, 163], [526.7870148891471, 228], [704.7381898501824, 271], [1185.1338162734553, 277], [1159.5038272407753, 223], [662.5072635936972, 127], [362.95154376337666, 70], [206.73567837364004, 40]], "completion": [[143.708299839109, 77], [255.6931518550836, 136], [332.60302336696685, 163], [532.7709700097768, 228], [733.3147206424073, 271], [1516.750535873895, 277], [2002.2469524777223, 223], [1255.8943709082316, 127], [711.1625954491302, 70], [411.28801301550476, 40]], "reject": [[81, 0], [140, 0], [167, 0], [232, 0], [275, 0], [304, 23], [378, 151], [420, 289], [445, 371], [455, 411]]}
