{"exec": [[7.498154782075204, 4], [13.059637740528181, 7], [30.73368865531379, 15], [84.33618768029618, 17], [40.94818831859332, 8], [48.42406305645076, 10]], "completion": [[7.505788931567963, 4], [13.059637740528181, 7], [30.793778898158607, 15], [119.49901917357172, 17], [92.28895128043408, 8], [136.53672072387462, 10]], "reject": [[8, 0], [11, 0], [19, 0], [21, 0], [12, 0], [27, 13]], "qpu_usage": [[0.9301993019930198, 0.06873068730687307, 0.001080010800108001, 0.0, 0.0], [0.8657886578865789, 0.13422134221342213, 0.0, 0.0, 0.0], [0.5409854098540986, 0.3519835198351984, 0.10704107041070411, 0.0, 0.0], [2.000020000200002e-05, 0.021150211502115022, 0.04048040480404804, 0.08711087110871109, 0.8512485124851249], [2.000020000200002e-05, 0.04276042760427604, 0.026420264202642024, 0.004920049200492005, 0.9258892588925889], [2.000020000200002e-05, 0.005110051100511006, 0.10514105141051411, 0.012750127501275013, 0.876988769887699]]}
