{"exec": [[30.402243636905922, 16], [64.52082644488694, 32], [110.76307486911628, 47], [276.02595622037387, 59], [122.09022764924153, 24], [40.6124796339657, 8]], "completion": [[30.422097548642654, 16], [64.64678949746995, 32], [111.1050675280038, 47], [379.54728015014973, 59], [234.26073479437696, 24], [79.80674322107838, 8]], "reject": [[20, 0], [36, 0], [51, 0], [68, 5], [79, 51], [103, 91]]}
