{"exec": [[24.216612692868182, 13], [58.147846031778634, 29], [112.54276422731874, 47], [251.97599064696334, 55], [122.65711013225186, 24], [44.03919683709354, 9]], "completion": [[24.224710108127454, 13], [58.19020626506633, 29], [112.88813622320903, 47], [368.2236532747503, 55], [235.32543446777572, 24], [89.59768163039239, 9]], "reject": [[17, 0], [33, 0], [51, 0], [63, 4], [75, 47], [99, 86]]}
