{"exec": [[339.3227289757073, 178], [538.0296150777383, 268], [690.1182639406912, 338], [979.9066848889048, 430], [1762.77680336131, 544], [2582.0070492918085, 524], [1808.9328952113844, 347], [1128.1149615745558, 216], [679.9189073704031, 131], [394.4529363685102, 76]], "completion": [[339.4976193817706, 178], [538.8635373112672, 268], [691.4272827522225, 338], [984.4259554307266, 430], [1873.1806476131926, 544], [3918.6223230189385, 524], [3260.822145342605, 347], [2166.3236749935636, 216], [1338.4243886863264, 131], [784.1176223648549, 76]], "reject": [[182, 0], [272, 0], [342, 0], [434, 0], [549, 1], [625, 97], [683, 332], [807, 587], [900, 765], [1000, 920]], "qpu_usage": [[0.9354693546935471, 0.06146061460614606, 0.003080030800308003, 0.0, 0.0], [0.8613386133861339, 0.12003120031200312, 0.01770017700177002, 0.0009400094000940009, 0.0], [0.7872878728787288, 0.17773177731777318, 0.03141031410314103, 0.003580035800358004, 0.0], [0.6137661376613766, 0.27434274342743425, 0.08396083960839608, 0.022810228102281022, 0.005130051300513005], [0.29389293892938934, 0.2707327073270733, 0.16871168711687118, 0.12636126361263614, 0.14031140311403115], [0.02137021370213702, 0.04598045980459804, 0.037470374703747034, 0.07454074540745408, 0.8206482064820647], [2.000020000200002e-05, 0.0014700147001470013, 0.0009400094000940009, 0.012540125401254014, 0.985039850398504], [2.000020000200002e-05, 0.003930039300393004, 0.0006900069000690006, 0.005040050400504005, 0.9903299032990329], [2.000020000200002e-05, 0.008500085000850009, 0.0018100181001810018, 0.008210082100821008, 0.981469814698147], [2.0000200002000023e-05, 0.0014500145001450015, 0.007370073700737008, 0.0037100371003710043, 0.9874598745987461]]}
