{"exec": [[31.619232754306438, 16], [48.04581753377778, 26], [94.98200645036302, 44], [239.0443598672891, 50], [107.97995423286733, 21], [39.67063137356035, 8]], "completion": [[31.651595828897314, 16], [48.04581753377778, 26], [95.23568398291675, 44], [320.169076202463, 50], [202.00885060586234, 21], [79.269861976507, 8]], "reject": [[20, 0], [30, 0], [48, 0], [58, 4], [82, 57], [85, 73]]}
