{"exec": [1.8592044948518662, 2.01553315856587, 2.2552498525743983, 2.905162316762608, 4.578769734735753, 4.570631949643158], "completion": [1.8592044948518662, 2.015944747439095, 2.259524929721936, 2.9243010462634476, 8.928111075030603, 9.533694690025884]}
