{"exec": [[11.138637215726845, 6], [7.409599480585143, 4], [11.167585224415888, 6], [48.743773045832, 14], [69.81628911434679, 14], [47.158743929923304, 10]], "completion": [[11.138637215726845, 6], [7.409599480585143, 4], [11.167585224415888, 6], [51.14195530620646, 14], [197.94593994410863, 14], [133.95837996186833, 10]], "reject": [[10, 0], [8, 0], [10, 0], [18, 0], [25, 7], [22, 8]], "qpu_usage": [[0.9574795747957481, 0.04253042530425304, 0.0, 0.0, 0.0], [0.8902989029890299, 0.10971109711097111, 0.0, 0.0, 0.0], [0.7202272022720226, 0.27978279782797827, 0.0, 0.0, 0.0], [0.060350603506035064, 0.22672226722267225, 0.1932419324193242, 0.21827218272182725, 0.30142301423014234], [2.000020000200002e-05, 0.06373063730637306, 0.029130291302913027, 0.016410164101641016, 0.8907189071890719], [2.000020000200002e-05, 0.012190121901219013, 0.12382123821238213, 0.02112021120211202, 0.842858428584286]]}
