{"exec": [1.8476090404693934, 1.8576140776434726, 2.2132009724287536, 3.8655399622596036, 4.345366347075941, 5.071866942366334], "completion": [1.8476090404693934, 1.8576140776434726, 2.2216534096046536, 4.578727872167962, 7.926839495111963, 9.577834945907734]}
