{"exec": [[353.15837801067823, 186], [600.7006600828411, 293], [770.471237905108, 364], [1115.595643049004, 462], [1684.855130059803, 532], [2656.6595534277435, 556], [1861.095871502629, 356], [1125.1263912406039, 216], [678.5079778656489, 130], [398.7564933715072, 77]], "completion": [[353.2972210782764, 186], [601.5067808348645, 293], [772.3200513604645, 364], [1124.0499875494484, 462], [1808.3373380036758, 532], [3680.263260234172, 556], [3396.9814638962425, 356], [2154.7118384869414, 216], [1331.6317676643998, 130], [794.4435306568987, 77]], "reject": [[190, 0], [297, 0], [368, 0], [466, 0], [540, 4], [608, 48], [696, 336], [799, 579], [860, 726], [970, 889]], "qpu_usage": [[0.928719287192872, 0.06818068180681806, 0.0031100311003110026, 0.0, 0.0], [0.8698586985869858, 0.1118811188111881, 0.015210152101521015, 0.002460024600246002, 0.0006000060000600005], [0.7760777607776077, 0.17856178561785616, 0.038010380103801034, 0.006880068800688007, 0.00048000480004800047], [0.5864458644586446, 0.2804728047280473, 0.08529085290852909, 0.03259032590325903, 0.015210152101521017], [0.28181281812818126, 0.2786527865278653, 0.1985119851198512, 0.10349103491034911, 0.13754137541375414], [0.02092020920209202, 0.044910449104491046, 0.06581065810658107, 0.12365123651236512, 0.7447174471744716], [2.000020000200002e-05, 0.0033600336003360032, 0.002300023000230002, 0.008320083200832008, 0.9860098600986009], [2.000020000200002e-05, 0.0028800288002880027, 0.005140051400514005, 0.00856008560085601, 0.983409834098341], [2.000020000200002e-05, 0.001250012500125001, 0.006830068300683007, 0.004590045900459004, 0.9873198731987319], [2.000020000200002e-05, 0.0023500235002350024, 0.0014700147001470015, 0.026450264502645027, 0.969719697196972]]}
