{"exec": [[162.59872699527767, 86], [245.2937481097636, 129], [352.9981385870735, 177], [486.40872354892554, 224], [787.955263257312, 276], [1278.6622882477075, 313], [1159.8367593514406, 224], [659.6640089406285, 127], [324.55424718622737, 63], [211.84455060456878, 41]], "completion": [[162.64739677933215, 86], [245.4049193645563, 129], [353.5469635596943, 177], [487.7099593927722, 224], [824.5741159532362, 276], [1544.5303201621966, 313], [1987.157831763472, 224], [1244.4532663437683, 127], [642.6329811196579, 63], [421.9087886317993, 41]], "reject": [[90, 0], [133, 0], [181, 0], [228, 0], [281, 1], [323, 6], [355, 127], [391, 260], [450, 383], [471, 426]]}
