{"exec": [1.8413100564470313, 1.9401137718291939, 2.188656372430932, 4.468127367291735, 5.012703330974826, 4.928726267548934], "completion": [1.8413100564470313, 1.9429555798143714, 2.195091249339885, 5.590869442412562, 8.418180248337704, 9.75894330132494]}
