{"exec": [[22.262721504020078, 11], [66.90092698846168, 34], [101.15756768786197, 38], [186.2124664888605, 36], [106.75520669725591, 21], [40.895829637144864, 8]], "completion": [[22.3225774105224, 11], [67.00001945350218, 34], [105.28194909908811, 38], [303.99097601420027, 36], [207.46849763215857, 21], [80.98491134546128, 8]], "reject": [[15, 0], [38, 0], [42, 0], [49, 9], [83, 58], [101, 89]]}
