{"exec": [[362.36778166006087, 189], [471.60509256187504, 239], [793.1802988642307, 374], [1110.1260334775804, 463], [1507.2082613436237, 509], [2536.389104713828, 529], [1781.9355765189682, 343], [1130.2821776667683, 217], [675.8387457167763, 130], [403.9679551399208, 78]], "completion": [[362.6156891509805, 189], [472.1128684324092, 239], [794.9732877239767, 374], [1126.6587081540417, 463], [1590.9804556884087, 509], [3743.7410011503075, 529], [3212.915103790905, 343], [2182.2849751793938, 217], [1330.4888386756418, 130], [802.7718616437003, 78]], "reject": [[193, 0], [243, 0], [378, 0], [467, 0], [513, 0], [627, 94], [731, 384], [779, 558], [894, 760], [930, 848]], "qpu_usage": [[0.931529315293153, 0.06470064700647006, 0.003700037000370004, 8.000080000800008e-05, 0.0], [0.8918789187891879, 0.0979809798097981, 0.008730087300873008, 0.0013000130001300013, 0.00012000120001200012], [0.7545775457754578, 0.1985319853198532, 0.03718037180371804, 0.008650086500865009, 0.001070010700107001], [0.5904859048590486, 0.2795427954279543, 0.08590085900859008, 0.02901029010290103, 0.015070150701507017], [0.35419354193541935, 0.29528295282952827, 0.17045170451704517, 0.08764087640876408, 0.09244092440924409], [0.029650296502965027, 0.05969059690596906, 0.06644066440664406, 0.08200082000820008, 0.7622276222762226], [2.000020000200002e-05, 0.0026100261002610027, 0.0051600516005160055, 0.015810158101581016, 0.976409764097641], [2.000020000200002e-05, 0.0022500225002250024, 0.0005700057000570006, 0.004930049300493005, 0.992239922399224], [2.000020000200002e-05, 0.004190041900419004, 0.003980039800398004, 0.006330063300633006, 0.9854898548985489], [2.000020000200002e-05, 0.001260012600126001, 0.017300173001730017, 0.002550025500255003, 0.978879788797888]]}
