{"exec": [[7.453499573955526, 4], [11.088628910305307, 6], [38.928545178292694, 15], [95.69663368389647, 19], [69.67241587748208, 14], [47.674592247076276, 10]], "completion": [[7.453499573955526, 4], [11.088628910305307, 6], [39.005396925979944, 15], [135.04955628045903, 19], [184.68618712752, 14], [130.90620766218188, 10]], "reject": [[8, 0], [10, 0], [19, 0], [23, 0], [28, 10], [29, 15]], "qpu_usage": [[0.966259662596626, 0.033750337503375034, 0.0, 0.0, 0.0], [0.8591885918859189, 0.13050130501305013, 0.010320103201032011, 0.0, 0.0], [0.5617256172561725, 0.30392303923039227, 0.07714077140771407, 0.033790337903379035, 0.023430234302343023], [2.000020000200002e-05, 0.03496034960349604, 0.048580485804858055, 0.17142171421714217, 0.7450274502745028], [2.000020000200002e-05, 0.03515035150351504, 0.057260572605726055, 0.04444044440444404, 0.8631386313863137], [2.000020000200002e-05, 0.01856018560185602, 0.09830098300983009, 0.04404044040440404, 0.8390883908839087]]}
