{"exec": [[7.3634901152775285, 4], [12.171731254590014, 6], [26.74789685894894, 11], [105.33653502928456, 21], [69.30148115241111, 14], [47.95458455139107, 10]], "completion": [[7.3634901152775285, 4], [12.20020547286886, 6], [26.785229572864754, 11], [187.97568446964112, 21], [189.90113838302918, 14], [134.18470081513757, 10]], "reject": [[8, 0], [10, 0], [15, 0], [25, 0], [27, 9], [26, 12]], "qpu_usage": [[0.9438994389943899, 0.05611056110561105, 0.0, 0.0, 0.0], [0.8745687456874569, 0.1138311383113831, 0.01161011610116101, 0.0, 0.0], [0.6463064630646307, 0.26555265552655527, 0.058380583805838056, 0.024360243602436025, 0.005410054100541006], [2.000020000200002e-05, 0.051570515705157055, 0.04085040850408504, 0.07388073880738807, 0.8336883368833687], [2.000020000200002e-05, 0.008250082500825009, 0.07492074920749207, 0.06222062220622206, 0.8545985459854598], [2.000020000200002e-05, 0.008750087500875008, 0.0929609296092961, 0.044480444804448044, 0.8537985379853799]]}
