{"exec": [[5.576298897181687, 3], [9.37865767565927, 5], [23.049669852215295, 11], [97.57643877534778, 19], [68.86528890165508, 14], [47.94436706477141, 10]], "completion": [[5.576298897181687, 3], [9.37865767565927, 5], [23.14663561729252, 11], [195.12501620170852, 19], [167.09858724971153, 14], [131.88595592071295, 10]], "reject": [[7, 0], [9, 0], [15, 0], [23, 0], [20, 2], [23, 9]], "qpu_usage": [[0.961589615896159, 0.038420384203842035, 0.0, 0.0, 0.0], [0.908009080090801, 0.09200092000920009, 0.0, 0.0, 0.0], [0.49086490864908655, 0.4161541615416154, 0.09299092990929908, 0.0, 0.0], [2.000020000200002e-05, 0.02937029370293703, 0.04726047260472605, 0.046240462404624046, 0.8771187711877119], [2.000020000200002e-05, 0.01889018890188902, 0.07843078430784307, 0.044350443504435046, 0.8583185831858318], [2.000020000200002e-05, 0.006210062100621007, 0.09282092820928209, 0.06355063550635506, 0.8374083740837409]]}
