{"exec": [[18.524190386412812, 10], [5.5221232452192055, 3], [28.52786001301804, 12], [59.97623269819318, 13], [61.02638179991797, 12], [47.38246434503747, 10]], "completion": [[18.524190386412812, 10], [5.5221232452192055, 3], [28.60878267715648, 12], [77.76617901129251, 13], [155.12053741256227, 12], [132.84499056283786, 10]], "reject": [[14, 0], [7, 0], [16, 0], [17, 0], [25, 9], [27, 13]], "qpu_usage": [[0.9481194811948119, 0.05189051890518905, 0.0, 0.0, 0.0], [0.9190791907919079, 0.08093080930809309, 0.0, 0.0, 0.0], [0.5978159781597816, 0.2814728147281472, 0.09654096540965408, 0.024180241802418023, 0.0], [2.000020000200002e-05, 0.04385043850438504, 0.09132091320913209, 0.1999519995199952, 0.6648666486664867], [2.000020000200002e-05, 0.029370293702937027, 0.032790327903279036, 0.04580045800458005, 0.8920289202892029], [2.000020000200002e-05, 0.013210132101321014, 0.10916109161091613, 0.035950359503595035, 0.8416684166841669]]}
