{"exec": [[174.67292296588994, 91], [281.7188415324133, 149], [352.64934674912877, 181], [466.882832481785, 210], [625.6422110801193, 247], [1387.5059673672663, 322], [1154.488562160047, 222], [660.95920825382, 127], [369.47895156779174, 71], [205.48147135343137, 40]], "completion": [[174.81302885555505, 91], [281.85175696542115, 149], [353.0695248731808, 181], [469.9413633262818, 210], [645.3705132749234, 247], [1809.2842779556026, 322], [2025.698527779247, 222], [1259.630637928743, 127], [724.9722408005781, 71], [409.45181516504806, 40]], "reject": [[95, 0], [153, 0], [185, 0], [214, 0], [252, 1], [338, 12], [382, 156], [378, 247], [451, 376], [490, 446]]}
