{"exec": [[7.321748348057497, 4], [18.160979200090345, 9], [33.620753164603165, 16], [106.04883025223356, 21], [71.01904612344565, 14], [47.53120576024388, 10]], "completion": [[7.321748348057497, 4], [18.212525642949323, 9], [33.74162558912947, 16], [188.37149209419684, 21], [184.40177004455072, 14], [134.58497429475594, 10]], "reject": [[8, 0], [13, 0], [20, 0], [25, 0], [22, 4], [29, 15]], "qpu_usage": [[0.9580495804958049, 0.04196041960419604, 0.0, 0.0, 0.0], [0.7780177801778018, 0.19819198191981918, 0.023800238002380025, 0.0, 0.0], [0.5513155131551316, 0.3430534305343053, 0.1056410564105641, 0.0, 0.0], [2.000020000200002e-05, 0.04659046590465905, 0.012760127601276013, 0.09603096030960309, 0.8446084460844608], [2.000020000200002e-05, 0.03016030160301603, 0.042490424904249036, 0.027920279202792025, 0.899418994189942], [2.000020000200002e-05, 0.01955019550195502, 0.1075810758107581, 0.006420064200642007, 0.8664386643866439]]}
