{"exec": [[372.97302483977114, 196], [516.2369504923548, 267], [806.0461739367317, 377], [1126.1434238952072, 459], [1901.7991760720633, 556], [2475.4841025704754, 508], [1850.8051151299549, 355], [1132.372081613517, 217], [649.2152904828499, 125], [410.39808929943626, 79]], "completion": [[373.1116338568678, 196], [516.6740825531269, 267], [807.8658807089389, 377], [1129.6030202441975, 459], [2141.97337158349, 556], [3620.785903945348, 508], [3360.8039899054684, 355], [2169.6271770428157, 217], [1276.2795724318364, 125], [816.1875442114192, 79]], "reject": [[200, 0], [271, 0], [381, 0], [463, 0], [562, 2], [597, 85], [712, 353], [777, 556], [909, 780], [1004, 921]], "qpu_usage": [[0.9294492944929449, 0.06732067320673206, 0.0032400324003240034, 0.0, 0.0], [0.8764087640876409, 0.11448114481144812, 0.00875008750087501, 0.00037000370003700036, 0.0], [0.7662076620766208, 0.1870418704187042, 0.03612036120361204, 0.00996009960099601, 0.0006800068000680006], [0.5831758317583177, 0.2635426354263543, 0.10172101721017211, 0.038350383503835045, 0.013220132201322015], [0.3076230762307623, 0.2585025850258503, 0.14651146511465116, 0.09260092600926009, 0.1947719477194772], [0.015160151601516014, 0.044790447904479044, 0.051740517405174054, 0.08454084540845408, 0.8037780377803778], [2.000020000200002e-05, 0.003980039800398003, 0.003940039400394004, 0.007550075500755008, 0.984519845198452], [2.000020000200002e-05, 0.0018600186001860018, 0.001940019400194002, 0.006190061900619006, 0.9899998999990001], [2.000020000200002e-05, 0.0037700377003770037, 0.0016400164001640018, 0.012890128901289015, 0.981689816898169], [2.000020000200002e-05, 0.004010040100401004, 0.002140021400214002, 0.01183011830118301, 0.9820098200982008]]}
