{"exec": [1.8513805072583729, 1.9594002136504673, 3.13850898915533, 2.711737041036763, 4.6493508356374385, 4.923861986981422], "completion": [1.8513805072583729, 1.9619998059557646, 3.1628498505607094, 2.72544688525417, 8.48436263308857, 9.657917805795183]}
