{"exec": [[11.164693013684996, 6], [46.6026559338232, 23], [67.02991015129024, 31], [273.1522970563729, 53], [122.3091722260958, 24], [37.32462752200545, 8]], "completion": [[11.164693013684996, 6], [46.69821273742036, 23], [67.20275862916279, 31], [758.7655339296739, 53], [419.30438508564606, 24], [137.3235589820001, 8]], "reject": [[16, 0], [33, 0], [41, 0], [70, 7], [78, 44], [99, 81]]}
