{"exec": [[11.022586597227019, 6], [47.99471583399688, 25], [77.4510695622789, 35], [300.24263738225136, 59], [116.16673847416743, 23], [40.81567385626798, 8]], "completion": [[11.022586597227019, 6], [48.04283000992646, 25], [77.61045476635783, 35], [454.1956216553859, 59], [222.42898113597667, 23], [80.06864448973352, 8]], "reject": [[10, 0], [29, 0], [39, 0], [75, 12], [86, 59], [104, 92]]}
