{"exec": [1.8451671749224787, 1.9764680464377986, 2.0357457179176115, 3.160461487023436, 4.87314574185781, 4.54051206510621], "completion": [1.8451671749224787, 1.976569167692871, 2.0384741996081024, 3.582924036983751, 8.662566310364003, 9.365922191032286]}
