{"exec": [[14.832508533950687, 8], [40.941403265045466, 22], [96.47534487989286, 38], [275.893109167194, 54], [101.73509498978274, 20], [39.63903042160217, 8]], "completion": [[14.832508533950687, 8], [40.947647112042006, 22], [96.74921943533553, 38], [393.10753469166343, 54], [196.67753940634816, 20], [79.97894233539934, 8]], "reject": [[12, 0], [26, 0], [42, 0], [65, 7], [80, 56], [86, 74]]}
