{"exec": [[20.408427681794535, 11], [53.30694578650605, 27], [71.35951863844424, 32], [259.4719961982711, 52], [108.17563407669391, 21], [40.74559233508728, 8]], "completion": [[20.408427681794535, 11], [53.35032326131878, 27], [71.49237571833346, 32], [390.5241630179926, 52], [210.66311272246304, 21], [79.30268959488602, 8]], "reject": [[15, 0], [31, 0], [36, 0], [67, 11], [74, 49], [98, 86]]}
