{"exec": [[378.75517586493476, 198], [566.4856774312673, 279], [650.3520158899526, 317], [1103.020388709109, 462], [1638.0631482954811, 512], [2627.571026150611, 546], [1789.6302576372009, 343], [1126.4180041552836, 216], [622.9114445081316, 120], [395.62250305653583, 77]], "completion": [[379.0614731848974, 198], [567.3048814094409, 279], [651.6056164984795, 317], [1112.7887221159785, 462], [1756.5579137651998, 512], [3853.47732385606, 546], [3265.4152081031243, 343], [2153.804041107186, 216], [1226.6361131662006, 120], [786.8438124326624, 77]], "reject": [[202, 0], [283, 0], [321, 0], [466, 0], [517, 1], [636, 86], [716, 369], [798, 578], [840, 716], [990, 909]], "qpu_usage": [[0.926419264192642, 0.06956069560695607, 0.004030040300403004, 0.0, 0.0], [0.87329873298733, 0.10935109351093512, 0.014830148301483017, 0.002530025300253003, 0.0], [0.7731177311773119, 0.1905519055190552, 0.032090320903209034, 0.004250042500425005, 0.0], [0.5922759227592276, 0.27516275162751624, 0.09013090130901309, 0.029750297502975028, 0.012690126901269012], [0.35971359713597134, 0.26302263022630223, 0.15668156681566817, 0.08642086420864209, 0.13417134171341713], [0.03080030800308003, 0.04571045710457104, 0.07148071480714807, 0.08926089260892608, 0.7627576275762757], [2.000020000200002e-05, 0.004500045000450004, 0.0018500185001850019, 0.00883008830088301, 0.9848098480984809], [2.000020000200002e-05, 0.0008800088000880008, 0.0036900369003690036, 0.01122011220112201, 0.9841998419984199], [2.000020000200002e-05, 0.002890028900289003, 0.010060100601006011, 0.004980049800498005, 0.9820598205982061], [2.000020000200002e-05, 0.008400084000840007, 0.013530135301353012, 0.01792017920179202, 0.960139601396014]]}
