{"exec": [[12.823003671982448, 7], [13.001405292421396, 7], [30.743635893603262, 16], [31.754608982997624, 16], [100.198439309738, 30], [110.78289217260209, 28], [107.49974253291832, 22], [64.41098147419623, 13], [41.71148261114885, 8], [19.899881783217765, 4]], "completion": [[12.823003671982448, 7], [13.001405292421396, 7], [30.785563345449702, 16], [31.805830513400345, 16], [110.50946106855493, 30], [121.91258254623476, 28], [159.4287366321529, 22], [118.38642786129465, 13], [80.5783121158269, 8], [38.613653659565756, 4]], "reject": [[11, 0], [11, 0], [20, 0], [20, 0], [34, 0], [32, 0], [33, 7], [38, 21], [49, 37], [44, 36]], "qpu_usage": [[0.957969579695797, 0.04204042040420404, 0.0, 0.0, 0.0], [0.935289352893529, 0.06472064720647205, 0.0, 0.0, 0.0], [0.833948339483395, 0.15486154861548618, 0.011200112001120012, 0.0, 0.0], [0.7398173981739818, 0.23170231702317023, 0.02849028490284903, 0.0, 0.0], [0.3977439774397744, 0.3316533165331653, 0.04665046650466504, 0.04958049580495805, 0.17438174381743815], [0.051650516505165056, 0.06425064250642507, 0.23406234062340622, 0.3594235942359424, 0.2906229062290623], [2.000020000200002e-05, 0.035350353503535034, 0.09246092460924608, 0.17392173921739218, 0.6982569825698257], [2.000020000200002e-05, 0.05910059100591006, 0.03773037730377304, 0.03442034420344203, 0.8687386873868739], [2.000020000200002e-05, 0.005850058500585006, 0.014340143401434014, 0.03691036910369104, 0.9428894288942888], [2.000020000200002e-05, 0.012060120601206013, 0.040300403004030046, 0.06641066410664108, 0.8812188121881218]]}
