{"exec": [[5.58265023783477, 3], [13.678246552334869, 7], [12.770892264821878, 6], [51.558289365374506, 15], [69.78342572667997, 14], [47.63445736388844, 10]], "completion": [[5.58265023783477, 3], [13.685600287499469, 7], [12.802322230393308, 6], [53.89265994312985, 15], [180.02174178267757, 14], [132.20883248743212, 10]], "reject": [[7, 0], [11, 0], [10, 0], [19, 0], [24, 6], [21, 7]], "qpu_usage": [[0.956579565795658, 0.04343043430434305, 0.0, 0.0, 0.0], [0.8657186571865718, 0.12730127301273012, 0.0069900699006990065, 0.0, 0.0], [0.5776357763577635, 0.3338933389333893, 0.08848088480884808, 0.0, 0.0], [0.04299042990429904, 0.12721127211272112, 0.3286232862328623, 0.2513225132251322, 0.24986249862498622], [2.000020000200002e-05, 0.040160401604016044, 0.029040290402904033, 0.06523065230652306, 0.8655586555865559], [2.000020000200002e-05, 0.030500305003050027, 0.11282112821128211, 0.004290042900429004, 0.8523785237852378]]}
