{"exec": [[375.09977697330396, 191], [525.921552238965, 272], [765.6781205764205, 369], [1114.1553808179049, 467], [1562.345149873652, 520], [2620.5060590615853, 547], [1859.9223355884208, 356], [1087.6364914746032, 209], [644.366633362306, 124], [411.06026517743715, 79]], "completion": [[375.4912844353097, 191], [526.4160067626104, 272], [767.206011926093, 369], [1134.5860444587352, 467], [1626.2082289837324, 520], [3754.615767780251, 547], [3378.910132346071, 356], [2102.1425442071595, 209], [1271.890082630644, 124], [815.5254844438618, 79]], "reject": [[195, 0], [276, 0], [373, 0], [471, 0], [524, 0], [623, 72], [700, 340], [852, 639], [887, 759], [1006, 923]], "qpu_usage": [[0.9205492054920549, 0.07294072940729407, 0.0055600556005560055, 0.0009600096000960009, 0.0], [0.8755487554875548, 0.11525115251152511, 0.008930089300893007, 0.0002800028000280003, 0.0], [0.7692076920769207, 0.19075190751907517, 0.034660346603466036, 0.004580045800458004, 0.0008100081000810009], [0.5859258592585925, 0.28927289272892726, 0.08130081300813008, 0.026600266002660022, 0.016910169101691016], [0.34656346563465634, 0.2852228522285223, 0.17459174591745918, 0.1045110451104511, 0.08912089120891209], [0.03111031110311103, 0.056100561005610054, 0.06259062590625906, 0.10492104921049211, 0.7452874528745288], [2.000020000200002e-05, 0.001060010600106001, 0.0006300063000630006, 0.005670056700567005, 0.9926299262992629], [2.000020000200002e-05, 0.002750027500275003, 0.0025500255002550024, 0.00992009920099201, 0.984769847698477], [2.000020000200002e-05, 0.005690056900569005, 0.005580055800558005, 0.001140011400114001, 0.9875798757987581], [2.000020000200002e-05, 0.0012100121001210014, 0.007120071200712008, 0.0022000220002200022, 0.9894598945989461]]}
