{"exec": [1.8491912069024548, 2.4022630953449107, 2.6074733826150207, 4.957456711085051, 4.558130357336554, 4.712569326556339], "completion": [1.8491912069024548, 2.405932583860669, 2.6224032179863763, 7.322226903204601, 7.7989192451980855, 9.550752842611606]}
