{"exec": [[18.686535814677768, 10], [60.4382840692809, 31], [111.32153014547931, 52], [259.3120968623941, 57], [123.98425940930514, 24], [41.04975554101845, 8]], "completion": [[18.686535814677768, 10], [60.51051022408798, 31], [111.79277869744166, 52], [309.98859414481535, 57], [235.9829372637878, 24], [81.77184391431632, 8]], "reject": [[14, 0], [35, 0], [56, 0], [62, 1], [82, 54], [110, 98]]}
