{"exec": [[20.39400924891936, 11], [57.19311365697556, 29], [87.85266816908029, 38], [284.04076804968923, 56], [110.01807016728733, 22], [43.6634751094766, 9]], "completion": [[20.39400924891936, 11], [57.206221935367005, 29], [88.16288540422079, 38], [389.72185515060175, 56], [216.33351400766762, 22], [87.96362183578897, 9]], "reject": [[15, 0], [33, 0], [42, 0], [67, 7], [78, 52], [99, 86]]}
