{"exec": [2.005605304135314, 1.8678807461851377, 2.5780696947610373, 4.699043852839885, 4.85660914694734, 5.080302914110318], "completion": [2.01043175698836, 1.8678807461851377, 2.586993318171111, 5.570406291130854, 9.241870408435906, 10.046738052229818]}
