{"exec": [[7.509256310682645, 4], [18.443180072380443, 10], [36.17474515150975, 15], [18.081812922384614, 8], [65.01822750037283, 13], [47.23427318176583, 10]], "completion": [[7.509256310682645, 4], [18.443180072380443, 10], [36.30615134529002, 15], [18.168907919710797, 8], [171.8100941198109, 13], [131.43987116568695, 10]], "reject": [[8, 0], [14, 0], [19, 0], [12, 0], [20, 3], [27, 13]], "qpu_usage": [[0.9639396393963939, 0.03607036070360703, 0.0, 0.0, 0.0], [0.8583385833858339, 0.14167141671416714, 0.0, 0.0, 0.0], [0.42146421464214645, 0.3937639376393764, 0.13798137981379816, 0.046800468004680046, 0.0], [0.36050360503605033, 0.2982529825298253, 0.1983919839198392, 0.08981089810898109, 0.05305053050530505], [2.000020000200002e-05, 0.04750047500475005, 0.02240022400224002, 0.05719057190571905, 0.8728987289872899], [2.000020000200002e-05, 0.04071040710407104, 0.08404084040840408, 0.006420064200642007, 0.8688186881868818]]}
