{"exec": [[162.24960803723133, 85], [279.67905680819024, 146], [372.5399318385366, 187], [482.1798260941413, 232], [622.5560915653105, 252], [1269.9818202777917, 306], [1156.4175719130697, 222], [652.1113035524581, 125], [379.06565197245345, 73], [206.33116060881858, 40]], "completion": [[162.31962926545356, 85], [279.8100249820151, 146], [373.0104399359397, 187], [483.1740614940232, 232], [628.7455539438681, 252], [1670.3437587747972, 306], [2007.0640038340537, 222], [1229.1497162132825, 125], [744.9546420368004, 73], [410.3824790361523, 40]], "reject": [[89, 0], [150, 0], [191, 0], [236, 0], [256, 0], [326, 16], [355, 129], [390, 261], [465, 388], [471, 427]]}
