{"exec": [[29.72712769664875, 16], [67.19842988394221, 35], [103.33079829478781, 47], [277.4593645280025, 55], [119.18881635257328, 23], [40.371521654515256, 8]], "completion": [[29.72712769664875, 16], [67.28727510741403, 35], [103.65323003850034, 47], [401.1183226533056, 55], [220.93894312848943, 23], [80.14516956130487, 8]], "reject": [[20, 0], [39, 0], [51, 0], [63, 4], [80, 53], [92, 80]]}
