{"exec": [[22.76827715520909, 12], [53.51710871264302, 28], [78.86413042576743, 35], [319.2425051556902, 62], [120.20024900729243, 24], [44.57094991646743, 9]], "completion": [[22.7798982770409, 12], [53.59796940954564, 28], [79.03143266925753, 35], [883.9035161694288, 62], [407.2977671734167, 24], [155.89020766088666, 9]], "reject": [[22, 0], [38, 0], [45, 0], [74, 2], [94, 60], [96, 77]]}
