{"exec": [[5.606081840545301, 3], [15.782168523989348, 8], [26.9436309313203, 10], [45.4299572122531, 10], [69.57282251543481, 14], [47.961829579860975, 10]], "completion": [[5.606081840545301, 3], [15.790040366209261, 8], [27.006374546300847, 10], [58.961471645453486, 10], [182.9591646830405, 14], [134.37639186796446, 10]], "reject": [[7, 0], [12, 0], [14, 0], [14, 0], [21, 3], [23, 9]], "qpu_usage": [[0.972189721897219, 0.027820278202782028, 0.0, 0.0, 0.0], [0.8454884548845488, 0.13391133911339112, 0.016380163801638016, 0.004230042300423004, 0.0], [0.6231362313623137, 0.22271222712227123, 0.07572075720757208, 0.07844078440784408, 0.0], [2.000020000200002e-05, 0.13164131641316412, 0.12857128571285711, 0.21668216682166822, 0.5230952309523095], [2.000020000200002e-05, 0.05492054920549206, 0.02738027380273803, 0.021180211802118022, 0.8965089650896509], [2.000020000200002e-05, 0.02810028100281003, 0.1022210222102221, 0.01054010540105401, 0.8591285912859129]]}
