{"exec": [[9.270450274398115, 5], [62.93423453755847, 31], [97.49302376861161, 37], [248.15570333329993, 48], [120.73481332811755, 24], [37.486563726325834, 8]], "completion": [[9.270450274398115, 5], [63.04099524810067, 31], [99.46334489691827, 37], [556.637888516242, 48], [407.6977988308501, 24], [136.99074421016024, 8]], "reject": [[15, 0], [41, 0], [47, 0], [62, 4], [74, 40], [103, 85]]}
