{"exec": [[183.2098906007137, 98], [263.2381697177557, 138], [327.38903417272144, 166], [514.3293762966633, 234], [722.6764438142858, 279], [1146.1985125551832, 292], [1127.6857580687183, 217], [589.4284805122181, 113], [369.67088397960333, 71], [209.64831428023007, 41]], "completion": [[183.22296703831134, 98], [263.39146124522523, 138], [327.7663773941857, 166], [516.2004467126102, 234], [732.7382464617224, 279], [1392.0866700529507, 292], [1951.2722464532767, 217], [1123.5650756691414, 113], [719.812051260222, 71], [416.03326945905025, 41]], "reject": [[102, 0], [142, 0], [170, 0], [238, 0], [283, 0], [301, 5], [366, 145], [384, 267], [426, 351], [481, 436]]}
