{"exec": [[183.8958243173946, 96], [247.31605308391337, 131], [326.27875255772943, 168], [474.0841125722883, 217], [659.8313057343083, 255], [1140.765475199437, 290], [920.5504229499949, 177], [608.7447742785819, 117], [368.07423614868696, 71], [208.05667073163576, 40]], "completion": [[183.9814299458452, 96], [247.4206001891441, 131], [326.6253723195332, 168], [477.6641126902836, 217], [667.0283975225491, 255], [1283.1302490110625, 290], [1630.9645071026152, 177], [1159.0975897352125, 117], [722.1505999310064, 71], [413.8315903600717, 40]], "reject": [[100, 0], [135, 0], [172, 0], [221, 0], [259, 0], [297, 3], [322, 141], [385, 264], [470, 395], [506, 462]]}
