{"exec": [[5.532595181779641, 3], [21.445666441570587, 11], [12.186359066226206, 6], [74.54145680409613, 15], [74.87819219019892, 15], [48.17514199855608, 10]], "completion": [[5.532595181779641, 3], [21.44745355745387, 11], [12.20771035567697, 6], [127.60842183650935, 15], [184.86071155910702, 15], [134.95664945079727, 10]], "reject": [[7, 0], [15, 0], [10, 0], [19, 0], [27, 8], [35, 21]], "qpu_usage": [[0.970309703097031, 0.029700297002970028, 0.0, 0.0, 0.0], [0.8260382603826039, 0.15143151431514315, 0.022540225402254022, 0.0, 0.0], [0.7378773787737877, 0.22731227312273122, 0.03482034820348203, 0.0, 0.0], [2.000020000200002e-05, 0.022760227602276025, 0.03863038630386304, 0.12096120961209612, 0.817638176381764], [2.0000200002000023e-05, 0.08864088640886408, 0.03347033470334704, 0.02753027530275303, 0.8503485034850349], [2.000020000200002e-05, 0.053880538805388054, 0.006240062400624006, 0.09777097770977711, 0.84209842098421]]}
