{"exec": [1.8557125494721691, 1.8370417402395927, 2.960471455778599, 3.2143686210517606, 4.981609806638322, 5.178249173373519], "completion": [1.8557125494721691, 1.8370417402395927, 2.9713451700871323, 3.239437688099319, 8.950561444128173, 9.873085489733203]}
