{"exec": [[7.437754510196072, 4], [17.24582746947128, 9], [25.427577073919664, 12], [63.381439975027135, 13], [69.96746644004969, 14], [47.73834979993231, 10]], "completion": [[7.437754510196072, 4], [17.252981505002825, 9], [25.51214296881333, 12], [99.78171204923675, 13], [188.46656046913967, 14], [134.39029659639516, 10]], "reject": [[8, 0], [13, 0], [16, 0], [17, 0], [28, 10], [31, 17]], "qpu_usage": [[0.9364593645936459, 0.06355063550635506, 0.0, 0.0, 0.0], [0.8478084780847808, 0.13991139911399114, 0.012290122901229012, 0.0, 0.0], [0.5687256872568726, 0.28856288562885635, 0.14272142721427217, 0.0, 0.0], [2.000020000200002e-05, 0.04461044610446104, 0.034450344503445036, 0.1187411874118741, 0.8021880218802188], [2.000020000200002e-05, 0.04401044010440104, 0.07458074580745808, 0.016380163801638016, 0.8650186501865018], [2.000020000200002e-05, 0.013010130101301013, 0.07363073630736308, 0.06564065640656407, 0.8477084770847709]]}
