{"exec": [[24.356662073895308, 13], [59.72934310950906, 32], [69.07751309671514, 32], [229.2634234686172, 54], [122.66857667812357, 24], [40.81122022474149, 8]], "completion": [[24.388348060720347, 13], [59.72934310950906, 32], [69.11662229440239, 32], [326.0061189539522, 54], [231.72319573752281, 24], [80.93001792809353, 8]], "reject": [[17, 0], [36, 0], [36, 0], [65, 7], [80, 52], [95, 83]]}
