{"exec": [[7.404306601895215, 4], [16.67088151227917, 9], [43.87963586569217, 18], [69.52746844433045, 15], [47.8660717681815, 10], [47.72886247343613, 10]], "completion": [[7.404306601895215, 4], [16.67088151227917, 9], [44.02780247361865, 18], [75.02867808058276, 15], [120.02290069390794, 10], [134.94125131116175, 10]], "reject": [[8, 0], [13, 0], [22, 0], [19, 0], [17, 3], [27, 13]], "qpu_usage": [[0.937629376293763, 0.06238062380623806, 0.0, 0.0, 0.0], [0.8656986569865699, 0.13431134311343113, 0.0, 0.0, 0.0], [0.4966149661496615, 0.27566275662756623, 0.14451144511445116, 0.07068070680706807, 0.012540125401254012], [0.004530045300453004, 0.11187111871118711, 0.2008720087200872, 0.16552165521655215, 0.5172151721517215], [2.000020000200002e-05, 0.02210022100221002, 0.1033810338103381, 0.01066010660106601, 0.8638486384863848], [2.000020000200002e-05, 0.013540135401354013, 0.09888098880988809, 0.04015040150401504, 0.8474184741847418]]}
