{"exec": [[377.0057631296318, 200], [543.2433820493636, 277], [767.2150214412273, 369], [1098.037926252872, 474], [1676.9948774503364, 528], [2370.4986023532124, 529], [1812.0002971719975, 347], [1133.6126999641283, 217], [659.9183552528668, 127], [390.3294697826417, 75]], "completion": [[377.2000732367042, 200], [543.7974049773721, 277], [768.7650100700952, 369], [1106.433068680362, 474], [1839.5255367633106, 528], [3308.421532693118, 529], [3283.5173387730206, 347], [2183.115920314526, 217], [1295.082102288363, 127], [772.9274272422211, 75]], "reject": [[204, 0], [281, 0], [373, 0], [478, 0], [534, 2], [604, 71], [711, 360], [803, 582], [884, 753], [997, 918]], "qpu_usage": [[0.9259992599925999, 0.07168071680716807, 0.0023300233002330026, 0.0, 0.0], [0.8738787387873879, 0.11591115911159111, 0.008880088800888008, 0.0013400134001340014, 0.0], [0.7678376783767837, 0.1914019140191402, 0.03468034680346803, 0.005820058200582006, 0.00027000270002700027], [0.5789957899578996, 0.2938129381293813, 0.0934009340093401, 0.022280222802228022, 0.011520115201152013], [0.31344313443134425, 0.2862728627286273, 0.16631166311663115, 0.09621096210962109, 0.13777137771377712], [0.04980049800498005, 0.10947109471094711, 0.1075210752107521, 0.10947109471094711, 0.6237462374623747], [2.000020000200002e-05, 0.000860008600086001, 0.0013100131001310014, 0.008090080900809008, 0.989729897298973], [2.000020000200002e-05, 0.001030010300103001, 0.0007100071000710007, 0.004640046400464004, 0.993609936099361], [2.000020000200002e-05, 0.0015000150001500013, 0.0011600116001160012, 0.013220132201322014, 0.984109841098411], [2.000020000200002e-05, 0.008240082400824009, 0.004100041000410004, 0.0018100181001810016, 0.9858398583985838]]}
