{"exec": [[5.5243005834042265, 3], [20.08671902281057, 11], [27.96715534700388, 14], [30.537098763604348, 13], [52.403170848619624, 20], [89.85459672849458, 25], [77.21521067243256, 15], [60.63384895713445, 12], [40.58033843870734, 8], [22.074745715622175, 5]], "completion": [[5.5243005834042265, 3], [20.08671902281057, 11], [28.03715982561488, 14], [30.61369410053163, 13], [52.56103102459167, 20], [102.60749905253763, 25], [126.45274464231625, 15], [113.6848211764626, 12], [78.63035994482533, 8], [46.21886695991182, 5]], "reject": [[7, 0], [15, 0], [18, 0], [17, 0], [24, 0], [29, 0], [30, 11], [44, 28], [48, 36], [43, 34]], "qpu_usage": [[0.961829618296183, 0.03818038180381804, 0.0, 0.0, 0.0], [0.9150791507915078, 0.08493084930849308, 0.0, 0.0, 0.0], [0.8494784947849479, 0.13514135141351413, 0.015390153901539015, 0.0, 0.0], [0.7651176511765118, 0.16379163791637918, 0.05583055830558306, 0.015270152701527016, 0.0], [0.5536155361553615, 0.24695246952469527, 0.07721077210772108, 0.12085120851208513, 0.0013800138001380015], [0.14969149691496916, 0.28515285152851527, 0.1889418894188942, 0.06607066070660707, 0.31015310153101533], [2.000020000200002e-05, 0.10354103541035412, 0.0939409394093941, 0.05465054650546506, 0.7478574785747858], [2.000020000200002e-05, 0.013840138401384013, 0.029400294002940027, 0.018600186001860017, 0.9381493814938148], [2.000020000200002e-05, 0.05130051300513005, 0.03860038600386004, 0.03648036480364804, 0.8736087360873609], [2.000020000200002e-05, 0.0980609806098061, 0.03536035360353604, 0.03226032260322603, 0.8343083430834308]]}
