{"exec": [[9.322075609032566, 5], [12.99963525853343, 7], [25.431852807989493, 12], [49.753888293892615, 14], [73.53200239085297, 15], [48.44292912098852, 10]], "completion": [[9.322075609032566, 5], [12.99963525853343, 7], [25.442165140780766, 12], [50.216886208455485, 14], [199.98265868868225, 15], [133.67367644197878, 10]], "reject": [[9, 0], [11, 0], [16, 0], [18, 0], [25, 6], [21, 7]], "qpu_usage": [[0.9574795747957479, 0.04253042530425304, 0.0, 0.0, 0.0], [0.8636086360863608, 0.13640136401364014, 0.0, 0.0, 0.0], [0.4857548575485755, 0.45924459244592447, 0.026780267802678028, 0.02823028230282303, 0.0], [0.14579145791457915, 0.1856018560185602, 0.2965529655296553, 0.18471184711847122, 0.1873518735187352], [2.000020000200002e-05, 0.07339073390733908, 0.09069090690906909, 0.016960169601696017, 0.8189481894818949], [2.000020000200002e-05, 0.01861018610186102, 0.04206042060420605, 0.07610076100761007, 0.8632186321863219]]}
