{"exec": [[14.740338746222506, 8], [22.631118752738125, 11], [32.55722925809383, 12], [82.54954942614657, 17], [69.43350852464403, 14], [47.50693562975965, 10]], "completion": [[14.740338746222506, 8], [22.70176919539292, 11], [32.65205011202873, 12], [106.40997627979414, 17], [189.79167101829128, 14], [131.71128531506633, 10]], "reject": [[12, 0], [15, 0], [16, 0], [21, 0], [29, 11], [30, 16]], "qpu_usage": [[0.93719937199372, 0.06281062810628106, 0.0, 0.0, 0.0], [0.8160181601816019, 0.13714137141371413, 0.04543045430454305, 0.0014200142001420015, 0.0], [0.6441364413644136, 0.1892418924189242, 0.0944109441094411, 0.06167061670616706, 0.01055010550105501], [2.000020000200002e-05, 0.048870488704887055, 0.016650166501665016, 0.24491244912449125, 0.6895568955689557], [2.000020000200002e-05, 0.005960059600596006, 0.06682066820668206, 0.04604046040460404, 0.8811688116881168], [2.000020000200002e-05, 0.020070200702007022, 0.12244122441224413, 0.006410064100641007, 0.8510685106851069]]}
