{"exec": [[22.224431008532292, 12], [54.62329976680829, 28], [93.55353235971513, 43], [201.6395685421049, 42], [86.35306203178293, 17], [37.564217051228184, 8]], "completion": [[22.224431008532292, 12], [54.643117962143236, 28], [93.80388821773627, 43], [413.1476588873094, 42], [284.7939552308365, 17], [139.27322712900704, 8]], "reject": [[22, 0], [38, 0], [53, 0], [55, 3], [74, 47], [88, 70]]}
