{"exec": [[188.17546125149505, 100], [239.34558762725362, 125], [374.30576842700737, 192], [479.5767934754232, 214], [682.266249280624, 265], [1108.1254644442133, 282], [1132.5912736776359, 220], [659.8592715367934, 127], [370.1240918100035, 71], [191.41247190546855, 37]], "completion": [[188.22161399873886, 100], [239.46225629224273, 125], [374.730145964499, 192], [484.1762887287966, 214], [689.5962432507137, 265], [1361.2912354514988, 282], [1943.1399383428436, 220], [1255.4662184053363, 127], [724.1354389374397, 71], [378.6738584758509, 37]], "reject": [[104, 0], [129, 0], [196, 0], [218, 0], [269, 0], [301, 15], [341, 117], [400, 269], [426, 351], [472, 431]]}
