{"exec": [[14.834656987620917, 8], [10.984633700450097, 6], [33.36935709173393, 14], [44.614383920642965, 14], [70.88075059692346, 14], [47.7753386921909, 10]], "completion": [[14.834656987620917, 8], [10.984633700450097, 6], [33.43751820651103, 14], [44.78815517239297, 14], [169.22424993696222, 14], [131.20601390502665, 10]], "reject": [[12, 0], [10, 0], [18, 0], [18, 0], [18, 0], [21, 7]], "qpu_usage": [[0.949079490794908, 0.050930509305093054, 0.0, 0.0, 0.0], [0.8706587065870658, 0.12935129351293512, 0.0, 0.0, 0.0], [0.5890858908589086, 0.27663276632766326, 0.08819088190881909, 0.046100461004610044, 0.0], [0.1031310313103131, 0.28877288772887727, 0.3004730047300473, 0.28633286332863334, 0.021300213002130024], [2.000020000200002e-05, 0.09114091140911411, 0.05611056110561106, 0.00816008160081601, 0.8445784457844578], [2.000020000200002e-05, 0.011710117101171012, 0.0944609446094461, 0.044270442704427045, 0.8495484954849548]]}
