{"exec": [[9.291968458829444, 5], [11.222851427168735, 6], [18.735071095573176, 10], [29.876538165987323, 15], [44.9211954714856, 18], [154.23846013068942, 33], [108.55383145068797, 21], [63.885922251981924, 13], [39.84343206801442, 8], [20.170751487239464, 4]], "completion": [[9.291968458829444, 5], [11.222851427168735, 6], [18.735071095573176, 10], [29.939653542802734, 15], [45.003020755768425, 18], [183.94243446734365, 33], [158.05748128760294, 21], [120.65792080280715, 13], [76.57705211239904, 8], [40.053056172921764, 4]], "reject": [[9, 0], [10, 0], [14, 0], [19, 0], [22, 0], [37, 0], [29, 4], [37, 20], [43, 31], [44, 36]], "qpu_usage": [[0.9651896518965191, 0.03482034820348204, 0.0, 0.0, 0.0], [0.9353993539935398, 0.06461064610646106, 0.0, 0.0, 0.0], [0.8693986939869399, 0.12889128891288912, 0.0017200172001720017, 0.0, 0.0], [0.7319373193731937, 0.23946239462394625, 0.028610286102861027, 0.0, 0.0], [0.4697146971469715, 0.35149351493514935, 0.0944809448094481, 0.07509075090750908, 0.00923009230092301], [0.08524085240852408, 0.08021080210802108, 0.09599095990959909, 0.1282012820128201, 0.6103661036610366], [2.000020000200002e-05, 0.05588055880558806, 0.01038010380103801, 0.06305063050630506, 0.8706787067870679], [2.000020000200002e-05, 0.04895048950489505, 0.02919029190291903, 0.08425084250842509, 0.83759837598376], [2.000020000200002e-05, 0.032670326703267034, 0.03401034010340103, 0.0902409024090241, 0.8430684306843069], [2.000020000200002e-05, 0.00855008550085501, 0.007230072300723007, 0.03704037040370404, 0.947169471694717]]}
