{"exec": [1.916545407287453, 2.0168501836126906, 2.3749773342245932, 4.8436327629989835, 4.60955133413985, 4.912722376652046], "completion": [1.9190177245126796, 2.0205338765422702, 2.382182428049576, 5.1668544544748976, 7.483452262124311, 9.579471413901341]}
