{"exec": [[168.6717547934709, 91], [276.8517877997738, 145], [319.6784635325419, 163], [466.46836664770973, 212], [770.3028234975894, 277], [1188.6807030684854, 302], [1164.952160502223, 224], [661.2460076406353, 127], [326.46852250429146, 63], [206.80442433696723, 40]], "completion": [[168.68763558102503, 91], [277.0453858321293, 145], [319.913902013989, 163], [467.6404251677018, 212], [812.1039810846755, 277], [1425.110139028271, 302], [2023.8753343027215, 224], [1251.4057066439536, 127], [643.4495216233169, 63], [409.3687627466271, 40]], "reject": [[95, 0], [149, 0], [167, 0], [216, 0], [281, 0], [313, 7], [356, 128], [414, 283], [457, 390], [487, 443]]}
