{"exec": [[369.38795423700196, 191], [531.2071205010485, 271], [802.1971487711052, 376], [1131.285369672133, 469], [1776.6441551160465, 551], [2512.6945363363466, 510], [1815.9540110953903, 348], [1052.2476228547048, 202], [646.0970194149913, 124], [386.2631929575139, 74]], "completion": [[369.63605449738543, 191], [531.6973083011386, 271], [804.9255720992438, 376], [1148.5876059557993, 469], [1896.9811916344383, 551], [3800.9286510765755, 510], [3298.552847945307, 348], [2002.3941304334446, 202], [1269.0511970580537, 124], [769.376448547105, 74]], "reject": [[195, 0], [275, 0], [380, 0], [473, 0], [558, 3], [632, 118], [711, 359], [801, 595], [891, 763], [987, 909]], "qpu_usage": [[0.9303193031930318, 0.06597065970659707, 0.002930029300293003, 0.0007900079000790008, 0.0], [0.8767687676876769, 0.11245112451124512, 0.00993009930099301, 0.0008600086000860009, 0.0], [0.7621376213762139, 0.1916919169191692, 0.03588035880358804, 0.008910089100891009, 0.0013900139001390014], [0.5737857378573785, 0.2908429084290843, 0.08275082750827507, 0.03855038550385504, 0.014080140801408013], [0.3014130141301413, 0.26054260542605423, 0.18024180241802418, 0.12367123671236711, 0.1341413414134141], [0.03253032530325303, 0.04397043970439704, 0.04494044940449405, 0.05944059440594406, 0.8191281912819127], [2.000020000200002e-05, 0.005110051100511005, 0.005120051200512005, 0.006750067500675007, 0.983009830098301], [2.000020000200002e-05, 0.005190051900519005, 0.0014800148001480012, 0.0036300363003630032, 0.9896898968989689], [2.000020000200002e-05, 0.004660046600466004, 0.0018500185001850016, 0.007920079200792008, 0.9855598555985559], [2.000020000200002e-05, 0.0018100181001810018, 0.0015300153001530016, 0.004860048600486005, 0.991789917899179]]}
