{"exec": [[28.655941526387494, 15], [39.77922361011585, 20], [115.40202208356258, 40], [304.2112288360012, 59], [112.75302640833834, 22], [43.070371205932325, 9]], "completion": [[28.6682584933572, 15], [39.81361763714753, 20], [116.63531585265014, 40], [760.0153837825965, 59], [380.9302261344153, 22], [153.22400578366728, 9]], "reject": [[25, 0], [30, 0], [50, 0], [73, 4], [81, 49], [78, 59]]}
