{"exec": [[164.60406037139435, 87], [232.52101116628793, 121], [355.30404450144033, 181], [526.1150732837108, 238], [696.9234336624803, 268], [1223.7618505560795, 305], [1168.5577754907727, 225], [661.7695727042037, 127], [359.0287634032883, 69], [206.15985585916627, 40]], "completion": [[164.68537846268495, 87], [232.61159044582652, 121], [355.8458773256443, 181], [527.2846041891339, 238], [706.5003919047294, 268], [1423.6448458070763, 305], [1996.0743994672216, 225], [1260.7991162231608, 127], [700.6174226299255, 69], [411.64186752802493, 40]], "reject": [[91, 0], [125, 0], [185, 0], [242, 0], [272, 0], [312, 3], [365, 136], [368, 237], [462, 389], [470, 426]]}
