{"exec": [[336.72521263664737, 179], [516.800957738687, 264], [838.0189152672888, 389], [1063.7395119116693, 451], [1713.5956235020576, 535], [2708.1512138881626, 551], [1824.114413465177, 349], [1131.119988635411, 217], [681.5137488297557, 131], [394.54358197722786, 76]], "completion": [[336.9211210930867, 179], [517.4898515637326, 264], [840.0124979429452, 389], [1072.2560638120428, 451], [1860.2664773446734, 535], [4149.088390063989, 551], [3365.555441355096, 349], [2182.6428682144606, 217], [1338.1977133420858, 131], [784.1314950428039, 76]], "reject": [[183, 0], [268, 0], [393, 0], [455, 0], [541, 2], [668, 113], [749, 396], [835, 614], [917, 782], [1008, 928]], "qpu_usage": [[0.9318393183931839, 0.06616066160661607, 0.0020100201002010024, 0.0, 0.0], [0.8760387603876039, 0.11143111431114312, 0.012530125301253012, 1.000010000100001e-05, 0.0], [0.7583475834758348, 0.18939189391893918, 0.04072040720407204, 0.00959009590095901, 0.001960019600196002], [0.6039360393603936, 0.26475264752647526, 0.0962109621096211, 0.024530245302453027, 0.010580105801058011], [0.33458334583345833, 0.26739267392673927, 0.15567155671556715, 0.11409114091140912, 0.12827128271282712], [0.017080170801708015, 0.027220272202722027, 0.05255052550525505, 0.08280082800828008, 0.8203582035820358], [2.0000200002000023e-05, 0.001830018300183002, 0.0027900279002790033, 0.004960049600496005, 0.990409904099041], [2.000020000200002e-05, 0.002620026200262003, 0.005120051200512005, 0.003060030600306003, 0.989189891898919], [2.000020000200002e-05, 0.0018700187001870017, 0.001990019900199002, 0.01794017940179402, 0.9781897818978189], [2.0000200002000023e-05, 0.0011700117001170011, 0.005190051900519006, 0.01004010040100401, 0.9835898358983591]]}
