{"exec": [[11.110928703650472, 6], [61.226850054439694, 30], [74.40364934120575, 29], [233.76419787605346, 51], [101.93145552621539, 20], [40.83337713323735, 8]], "completion": [[11.110928703650472, 6], [61.29882755709076, 30], [74.63179429250312, 29], [298.83079357515874, 51], [194.82719053980185, 20], [81.23135523762603, 8]], "reject": [[10, 0], [34, 0], [33, 0], [58, 3], [68, 44], [94, 82]]}
