{"exec": [[344.9044548571605, 181], [523.3206252245518, 268], [838.7440050835241, 394], [1124.2499431111376, 456], [1741.4036369585224, 535], [2514.228635166524, 536], [1794.7087425482719, 344], [1089.146236812083, 209], [680.6790809628174, 131], [405.63359319190107, 78]], "completion": [[345.09668529581563, 181], [523.9210101766023, 268], [840.4194662292921, 394], [1145.3870167486468, 456], [1899.9850948281085, 535], [3656.4519392383063, 536], [3309.0863495268, 344], [2098.2478244660506, 209], [1340.5379121742442, 131], [805.0679912195844, 78]], "reject": [[185, 0], [272, 0], [398, 0], [460, 0], [539, 0], [611, 71], [709, 361], [827, 614], [889, 754], [1010, 928]], "qpu_usage": [[0.9318993189931898, 0.06502065020650205, 0.003090030900309003, 0.0, 0.0], [0.8727287272872729, 0.11688116881168813, 0.009450094500945012, 0.000950009500095001, 0.0], [0.7453674536745367, 0.20410204102041019, 0.04084040840408404, 0.007620076200762007, 0.002080020800208002], [0.6006660066600666, 0.26455264552645524, 0.08288082880828809, 0.033520335203352035, 0.01839018390183902], [0.33621336213362135, 0.2586425864258643, 0.16380163801638017, 0.0940909409094091, 0.14726147261472616], [0.045700457004570046, 0.07663076630766308, 0.07569075690756907, 0.09428094280942809, 0.7077070770707706], [2.000020000200002e-05, 0.0054900549005490054, 0.0018000180001800019, 0.009220092200922009, 0.983479834798348], [2.000020000200002e-05, 0.0012700127001270011, 0.0007700077000770007, 0.0038800388003880034, 0.994069940699407], [2.000020000200002e-05, 0.005950059500595006, 0.00048000480004800047, 0.01023010230102301, 0.983329833298333], [2.0000200002000023e-05, 0.0016500165001650019, 0.004670046700467005, 0.007250072500725007, 0.986419864198642]]}
