{"exec": [1.8331398218702821, 1.8643672366034032, 2.1524509760806647, 4.8857132438049415, 4.7400382866795026, 4.841132019836275], "completion": [1.8331398218702821, 1.8643672366034032, 2.191402038567557, 5.953212723525132, 8.107074787291207, 9.96983573474592]}
