{"exec": [[177.4697704142916, 95], [234.8887030096741, 124], [325.06065433334095, 164], [503.5971217466853, 229], [691.910365733094, 281], [1428.5757280258795, 331], [1156.5585962893351, 222], [656.5738603614445, 126], [357.98294992697504, 69], [179.3434488808967, 35]], "completion": [[177.54627873275479, 95], [235.0647375547044, 124], [325.4229721864283, 164], [505.9860060664265, 229], [697.4229723215857, 281], [1842.0962276289265, 331], [2017.694747015069, 222], [1250.6989006290232, 126], [699.6375434728492, 69], [358.3707842167654, 35]], "reject": [[99, 0], [128, 0], [168, 0], [233, 0], [285, 0], [342, 7], [349, 123], [415, 285], [425, 352], [455, 416]]}
