{"exec": [[387.58937037250206, 203], [598.7683706437804, 297], [722.7497282377942, 355], [1066.211514436968, 443], [1773.283351949794, 561], [2562.100190463825, 516], [1857.038201871683, 356], [1125.3757879260554, 216], [661.0341792988272, 127], [393.62555389020633, 76]], "completion": [[387.8222435173954, 203], [599.4554349733907, 297], [724.0537712881421, 355], [1072.355391533532, 443], [1889.4868579880144, 561], [3912.1114709382, 516], [3326.597228309126, 356], [2152.0378557061986, 216], [1295.7732878370716, 127], [783.5186582013042, 76]], "reject": [[207, 0], [301, 0], [359, 0], [447, 0], [565, 0], [620, 100], [727, 367], [781, 561], [899, 768], [987, 907]], "qpu_usage": [[0.926329263292633, 0.07020070200702007, 0.0033700337003370034, 0.0001100011000110001, 0.0], [0.866658666586666, 0.11671116711167114, 0.014090140901409014, 0.0024400244002440027, 0.00011000110001100011], [0.7754577545775457, 0.19093190931909318, 0.030360303603036033, 0.0032600326003260033, 0.0], [0.6106261062610626, 0.2580925809258092, 0.0875908759087591, 0.03077030770307703, 0.012930129301293013], [0.3013730137301373, 0.27609276092760926, 0.17931179311793116, 0.11973119731197313, 0.12350123501235012], [0.022630226302263023, 0.027420274202742026, 0.042610426104261044, 0.06620066200662007, 0.8411484114841149], [2.000020000200002e-05, 0.001110011100111001, 0.0013800138001380015, 0.01110011100111001, 0.98639986399864], [2.000020000200002e-05, 0.003790037900379004, 0.003820038200382004, 0.006930069300693007, 0.9854498544985449], [2.000020000200002e-05, 0.0002000020000200002, 0.0024700247002470027, 0.012140121401214014, 0.9851798517985181], [2.000020000200002e-05, 0.0017100171001710016, 0.012620126201262011, 0.007740077400774007, 0.9779197791977918]]}
