{"exec": [[5.560751085516756, 3], [13.107067612851921, 7], [25.298585037975336, 13], [32.3577071582808, 16], [51.000015838428794, 22], [56.54322440500177, 17], [108.98408922271443, 22], [64.41593929885687, 13], [40.58057913471585, 8], [19.10548767880473, 4]], "completion": [[5.560751085516756, 3], [13.116152047301398, 7], [25.34301821839132, 13], [32.37994599554234, 16], [51.195494196587994, 22], [62.568326766077334, 17], [165.30742139380686, 22], [122.66480197572045, 13], [78.13439892292399, 8], [38.656972748098795, 4]], "reject": [[7, 0], [11, 0], [17, 0], [20, 0], [26, 0], [21, 0], [34, 8], [50, 33], [48, 36], [43, 35]], "qpu_usage": [[0.9519795197951979, 0.048030480304803044, 0.0, 0.0, 0.0], [0.9328993289932899, 0.06560065600656007, 0.0015100151001510014, 0.0, 0.0], [0.8493884938849389, 0.13972139721397214, 0.010900109001090012, 0.0, 0.0], [0.7302973029730297, 0.23827238272382723, 0.03144031440314403, 0.0, 0.0], [0.44192441924419246, 0.36511365113651134, 0.15526155261552615, 0.03771037710377103, 0.0], [0.16202162021620217, 0.2682326823268233, 0.2195121951219512, 0.1890318903189032, 0.16121161211612114], [0.03501035010350104, 0.07383073830738307, 0.054810548105481055, 0.11414114141141411, 0.7222172221722217], [2.000020000200002e-05, 0.04353043530435304, 0.05835058350583506, 0.025880258802588024, 0.8722287222872229], [2.000020000200002e-05, 0.030850308503085032, 0.02923029230292303, 0.029450294502945028, 0.9104591045910458], [2.000020000200002e-05, 0.05758057580575805, 0.010700107001070009, 0.06215062150621506, 0.8695586955869559]]}
