{"exec": [[331.3838762713836, 176], [541.3979155539363, 269], [697.5336677417604, 343], [984.5910090055132, 410], [1985.508771354022, 572], [2699.577890677552, 540], [1848.465390599958, 354], [1123.622215528479, 215], [676.225811375307, 130], [411.3326621596372, 79]], "completion": [[331.49800136827747, 176], [542.1790202823162, 269], [698.6747721970852, 343], [996.4516506073344, 410], [2267.647616775688, 572], [4046.9132292653376, 540], [3366.6764180664336, 354], [2149.870499760964, 215], [1331.7435034056623, 130], [818.8202140951906, 79]], "reject": [[180, 0], [273, 0], [347, 0], [414, 0], [579, 3], [636, 92], [722, 364], [794, 575], [922, 788], [964, 881]], "qpu_usage": [[0.9352193521935219, 0.06310063100631007, 0.0016900169001690018, 0.0, 0.0], [0.8800288002880029, 0.1029610296102961, 0.016420164201642017, 0.0006000060000600007, 0.0], [0.7813678136781368, 0.18836188361883618, 0.026420264202642027, 0.0034200342003420036, 0.00044000440004400045], [0.6376163761637617, 0.24365243652436525, 0.08065080650806508, 0.025420254202542028, 0.012670126701267014], [0.29604296042960426, 0.23720237202372021, 0.15618156181561815, 0.11413114131141311, 0.1964519645196452], [0.0033900339003390036, 0.025390253902539024, 0.030610306103061032, 0.07136071360713607, 0.8692586925869259], [2.000020000200002e-05, 0.0005000050000500005, 0.0016900169001690015, 0.007440074400744006, 0.9903599035990359], [2.000020000200002e-05, 0.0007400074000740007, 0.0012200122001220011, 0.0057600576005760054, 0.9922699226992271], [2.000020000200002e-05, 0.005890058900589006, 0.004170041700417004, 0.003030030300303003, 0.98689986899869], [2.0000200002000023e-05, 0.002950029500295003, 0.002880028800288003, 0.006780067800678007, 0.987379873798738]]}
