{"exec": [[31.408699803464003, 17], [57.92215147791917, 29], [115.69437260142867, 44], [226.37261475917967, 49], [122.69289717276959, 24], [40.668623474314565, 8]], "completion": [[31.408699803464003, 17], [57.99767686823235, 29], [119.45948482793263, 44], [318.2400782676717, 49], [238.03393227814064, 24], [81.38890738454643, 8]], "reject": [[21, 0], [33, 0], [48, 0], [61, 8], [87, 59], [111, 99]]}
