{"exec": [[314.5798225563501, 166], [546.7829329009375, 278], [723.4859691047506, 355], [1086.9912539402176, 454], [1657.869447223247, 543], [2576.7030610969105, 535], [1814.5735695975136, 348], [1091.3509609548294, 209], [676.2809101607012, 130], [399.3721269286517, 77]], "completion": [[314.69787379415516, 166], [547.4009398135181, 278], [724.9461745061665, 355], [1100.313484896154, 454], [1725.800888421866, 543], [3807.6580665626257, 535], [3299.0687359422495, 348], [2107.2662115640724, 209], [1324.2976271182972, 130], [796.848673285745, 77]], "reject": [[170, 0], [282, 0], [359, 0], [458, 0], [547, 0], [642, 103], [767, 415], [827, 614], [891, 757], [1005, 924]], "qpu_usage": [[0.9397993979939799, 0.05794057940579406, 0.0022700227002270023, 0.0, 0.0], [0.873388733887339, 0.11448114481144812, 0.010930109301093012, 0.0012100121001210014, 0.0], [0.7763377633776338, 0.1897518975189752, 0.031340313403134035, 0.0016200162001620015, 0.000960009600096001], [0.5978259782597827, 0.27081270812708125, 0.0890308903089031, 0.030250302503025035, 0.012090120901209013], [0.2909829098290983, 0.2861628616286163, 0.1945319453194532, 0.12896128961289613, 0.09937099370993711], [0.036470364703647035, 0.05628056280562806, 0.05806058060580606, 0.08258082580825808, 0.7666176661766618], [2.000020000200002e-05, 0.0003800038000380003, 0.004090040900409004, 0.008450084500845008, 0.987069870698707], [2.000020000200002e-05, 0.002040020400204002, 0.0019500195001950018, 0.005650056500565005, 0.990349903499035], [2.000020000200002e-05, 0.0070700707007070075, 0.004650046500465005, 0.004780047800478005, 0.9834898348983491], [2.000020000200002e-05, 0.0050100501005010045, 0.005850058500585007, 0.016460164601646017, 0.972669726697267]]}
