{"exec": [[166.40760243110492, 88], [229.46133644078122, 120], [351.1215039805051, 178], [480.9317585430222, 221], [686.1944009371045, 266], [1337.3742926952912, 316], [1097.5264803515527, 211], [628.4909684238372, 121], [354.14969979621395, 68], [207.989001691716, 40]], "completion": [[166.45883506363668, 88], [229.62157353780844, 120], [351.4711955158886, 178], [482.4005800713063, 221], [695.4717111887095, 266], [1677.61488016967, 316], [1969.7047538180382, 211], [1192.754489598542, 121], [686.5683450127981, 68], [412.62153357055945, 40]], "reject": [[92, 0], [124, 0], [182, 0], [225, 0], [270, 0], [329, 9], [371, 156], [400, 275], [424, 352], [486, 442]]}
