{"exec": [[8.33297445434114, 4], [7.344770496660431, 4], [33.82417730985699, 17], [29.387390426007734, 14], [53.21610880445635, 22], [94.37840567850597, 27], [95.08013644963182, 19], [63.913543680817874, 13], [39.286550124835316, 8], [19.721234195559912, 4]], "completion": [[8.34666510815778, 4], [7.344770496660431, 4], [33.844374362144144, 17], [29.499145427450735, 14], [53.371374344145785, 22], [102.81938138995889, 27], [155.3622425302493, 19], [116.66285289808881, 13], [75.73764928562001, 8], [39.08881800493728, 4]], "reject": [[8, 0], [8, 0], [21, 0], [18, 0], [26, 0], [31, 0], [32, 9], [37, 20], [41, 29], [56, 48]], "qpu_usage": [[0.9428694286942869, 0.04356043560435604, 0.00916009160091601, 0.004420044200442005, 0.0], [0.9483994839948399, 0.05161051610516105, 0.0, 0.0, 0.0], [0.8280282802828028, 0.14490144901449015, 0.02708027080270803, 0.0, 0.0], [0.7246572465724658, 0.22595225952259526, 0.04324043240432405, 0.006160061600616006, 0.0], [0.3921939219392194, 0.37420374203742035, 0.1747217472174722, 0.05889058890588906, 0.0], [0.09421094210942109, 0.27271272712727124, 0.24105241052410523, 0.11016110161101611, 0.28187281872818726], [2.000020000200002e-05, 0.023240232402324024, 0.04611046110461105, 0.11292112921129212, 0.8177181771817719], [2.000020000200002e-05, 0.06323063230632306, 0.013570135701357013, 0.029280292802928033, 0.8939089390893908], [2.000020000200002e-05, 0.08613086130861308, 0.016930169301693016, 0.10643106431064311, 0.7904979049790498], [2.000020000200002e-05, 0.03133031330313303, 0.014660146601466015, 0.04791047910479105, 0.9060890608906089]]}
