{"exec": [[30.693570785922702, 16], [56.26718373349047, 30], [69.61711499122748, 33], [236.02855057201742, 51], [101.05842777036426, 20], [39.61780964012337, 8]], "completion": [[30.702844842525337, 16], [56.38506968894687, 30], [69.70852442261993, 33], [328.7992375811803, 51], [196.68563402764917, 20], [78.94776418221576, 8]], "reject": [[20, 0], [34, 0], [37, 0], [66, 11], [86, 62], [90, 78]]}
