{"exec": [[12.96952977904597, 7], [13.095188295402615, 6], [50.3204954681327, 20], [30.410832472672606, 10], [69.06816808715979, 14], [48.59531055145887, 10]], "completion": [[12.96952977904597, 7], [13.113899876561007, 6], [50.53868626143732, 20], [30.559179688774456, 10], [188.93482493867364, 14], [136.21766324749507, 10]], "reject": [[11, 0], [10, 0], [24, 0], [14, 0], [23, 5], [33, 19]], "qpu_usage": [[0.9521995219952198, 0.04764047640476404, 0.00017000170001700015, 0.0, 0.0], [0.8562785627856278, 0.1158811588115881, 0.027850278502785025, 0.0, 0.0], [0.46256462564625644, 0.25756257562575624, 0.17457174571745718, 0.08369083690836908, 0.02162021620216202], [0.22426224262242622, 0.2844228442284423, 0.2695026950269503, 0.12403124031240312, 0.0977909779097791], [2.000020000200002e-05, 0.01959019590195902, 0.07048070480704807, 0.03135031350313503, 0.8785687856878569], [2.000020000200002e-05, 0.01022010220102201, 0.08868088680886808, 0.014880148801488014, 0.8862088620886208]]}
