{"exec": [1.8625284619157805, 1.8608062618755867, 2.2167796761791503, 4.854201821590276, 4.885520644680138, 4.850973755066222], "completion": [1.8625284619157805, 1.8608062618755867, 2.2249703072521947, 7.480616368958354, 8.464647516722744, 9.757642549957096]}
