{"exec": [[187.72681147590723, 101], [270.5758544918541, 142], [361.71233730818653, 178], [524.9052843498273, 239], [656.2140433026466, 259], [1246.6166248371787, 312], [1150.0519390771801, 221], [666.0598987749775, 128], [375.4474692505478, 72], [206.05377551121148, 40]], "completion": [[187.78054669786096, 101], [270.7636599290645, 142], [362.1211992306447, 178], [527.1365566465156, 239], [670.0022903876768, 259], [1496.5766119988043, 312], [2037.6459799165955, 221], [1266.924186612539, 128], [736.6363488863897, 72], [408.62703098405274, 40]], "reject": [[105, 0], [146, 0], [182, 0], [243, 0], [263, 0], [325, 9], [382, 157], [388, 256], [471, 395], [506, 462]]}
