{"exec": [[362.612667820207, 191], [593.5857644282078, 300], [775.8752934697008, 367], [976.0526174810879, 416], [1665.7340318826998, 530], [2684.7918172025516, 551], [1777.9295738487517, 341], [1125.6471730418073, 216], [649.9618899731389, 125], [404.5497724264445, 78]], "completion": [[362.82083934823544, 191], [594.3121459448041, 300], [778.729536087612, 367], [978.6235874311708, 416], [1799.5596114732361, 530], [4006.961869738646, 551], [3260.064694468666, 341], [2168.290953941951, 216], [1278.8859392666968, 125], [805.6826356154679, 78]], "reject": [[195, 0], [304, 0], [371, 0], [420, 0], [536, 2], [660, 105], [711, 366], [831, 611], [871, 742], [1014, 932]], "qpu_usage": [[0.929839298392984, 0.06722067220672208, 0.002850028500285003, 0.0001000010000100001, 0.0], [0.8647786477864778, 0.12185121851218511, 0.011850118501185012, 0.0014800148001480014, 5.0000500005000046e-05], [0.7617876178761788, 0.1954319543195432, 0.033690336903369034, 0.007160071600716007, 0.001940019400194002], [0.6241762417624177, 0.27561275612756125, 0.05987059870598706, 0.028840288402884027, 0.01151011510115101], [0.33303333033330335, 0.28718287182871827, 0.15991159911599115, 0.08745087450874509, 0.13243132431324314], [0.017080170801708018, 0.04708047080470805, 0.04746047460474605, 0.09003090030900308, 0.7983579835798357], [2.000020000200002e-05, 0.004380043800438004, 0.005200052000520004, 0.006960069600696007, 0.9834498344983449], [2.000020000200002e-05, 0.0011100111001110012, 0.008790087900879009, 0.002890028900289003, 0.98719987199872], [2.000020000200002e-05, 0.0011000110001100011, 0.008500085000850009, 0.01015010150101501, 0.980239802398024], [2.0000200002000023e-05, 0.0037900379003790044, 0.004290042900429005, 0.011260112601126013, 0.980649806498065]]}
