{"exec": [[27.974937115169325, 15], [40.9853416796056, 21], [112.4849676474503, 42], [232.013779390131, 48], [84.81267664591954, 17], [44.78099682584789, 9]], "completion": [[27.974937115169325, 15], [41.03474286492937, 21], [113.13827297528823, 42], [297.8885867459126, 48], [290.91677402440683, 17], [154.71326226444103, 9]], "reject": [[25, 0], [31, 0], [52, 0], [58, 0], [66, 39], [95, 76]]}
