{"exec": [[320.6111656595905, 169], [602.8979787501156, 305], [795.881177092844, 375], [1021.3922879364742, 436], [1569.5331958356758, 513], [2541.116978480305, 505], [1819.659301761779, 349], [1116.3136965794429, 214], [662.0408464603906, 127], [388.6247038058158, 75]], "completion": [[320.7761790094296, 169], [603.7008966090666, 305], [798.2420737525355, 375], [1031.0575600319128, 436], [1658.598272959179, 513], [3838.3218836930596, 505], [3327.065392759973, 349], [2140.032590900794, 214], [1307.0468987350612, 127], [772.01397161849, 75]], "reject": [[173, 0], [309, 0], [379, 0], [440, 0], [517, 0], [611, 102], [720, 367], [793, 575], [907, 776], [966, 887]], "qpu_usage": [[0.926589265892659, 0.06992069920699208, 0.0035000350003500037, 0.0, 0.0], [0.8587585875858759, 0.12585125851258513, 0.014770147701477014, 0.0006300063000630006, 0.0], [0.7667876678766786, 0.19242192421924217, 0.031130311303113032, 0.006890068900689007, 0.0027800278002780027], [0.6077660776607765, 0.2793227932279323, 0.07781077810778107, 0.02067020670206702, 0.014440144401444015], [0.35431354313543134, 0.26717267172671727, 0.16711167111671116, 0.11661116611166113, 0.0948009480094801], [0.011120111201112011, 0.012800128001280012, 0.031880318803188035, 0.06439064390643906, 0.8798187981879818], [2.000020000200002e-05, 0.005980059800598006, 0.002050020500205002, 0.004430044300443005, 0.9875298752987529], [2.000020000200002e-05, 0.0016400164001640015, 0.0022200222002220025, 0.006610066100661007, 0.989519895198952], [2.000020000200002e-05, 0.0033300333003330033, 0.003840038400384004, 0.0023700237002370022, 0.990449904499045], [2.000020000200002e-05, 0.0017100171001710016, 0.010520105201052012, 0.011940119401194011, 0.975819758197582]]}
