{"exec": [1.8297362168060072, 1.9705688606837273, 2.4284595596236063, 4.134939092538742, 4.480225141280494, 5.19557892172703], "completion": [1.8297362168060072, 1.9720055900315243, 2.4344060916787567, 4.391340832609015, 8.727824167640918, 9.875344174971032]}
