{"exec": [[166.30772330856357, 89], [236.23356427905054, 123], [321.193957601601, 164], [462.85865400003195, 209], [582.215878229533, 244], [1377.5129336512277, 302], [1120.9993304335944, 215], [601.7239479727848, 116], [369.73725131773426, 71], [200.92853828935228, 39]], "completion": [[166.3226162756749, 89], [236.38822010426992, 123], [321.58582154855515, 164], [463.8999695570616, 209], [591.2065978052442, 244], [1846.257376871462, 302], [1941.940961113639, 215], [1149.3662795257558, 116], [718.8256463672496, 71], [402.1776095363047, 39]], "reject": [[93, 0], [127, 0], [168, 0], [213, 0], [248, 0], [328, 22], [349, 130], [378, 258], [453, 378], [507, 464]]}
