{"exec": [[18.486408379204136, 10], [56.689015001438946, 27], [104.99318571037685, 43], [284.9826314187882, 55], [87.8668930869843, 17], [43.620424162254565, 9]], "completion": [[18.486408379204136, 10], [56.7479948203042, 27], [105.39913674497305, 43], [554.8302533859662, 55], [287.12607774057636, 17], [156.01287989492155, 9]], "reject": [[20, 0], [37, 0], [53, 0], [65, 0], [59, 32], [92, 73]]}
