{"exec": [[11.252203985270029, 6], [28.754130781919244, 13], [29.621458757499628, 15], [22.23940279687939, 11], [46.6260831508943, 20], [61.908399598373535, 24], [85.01644629788727, 21], [65.4420687030073, 13], [38.681512817707734, 8], [20.20508752240537, 4]], "completion": [[11.270559218272439, 6], [28.826789247051593, 13], [29.65781057389867, 15], [22.29009807743155, 11], [48.51929597542749, 20], [62.20634640246112, 24], [116.2309251596688, 21], [120.08859516348693, 13], [77.53287037317729, 8], [40.25148843304559, 4]], "reject": [[10, 0], [17, 0], [19, 0], [15, 0], [24, 0], [28, 0], [31, 6], [46, 29], [42, 30], [36, 28]], "qpu_usage": [[0.9505295052950529, 0.046220462204622045, 0.0032600326003260033, 0.0, 0.0], [0.882168821688217, 0.0963009630096301, 0.015660156601566017, 0.005880058800588006, 0.0], [0.8486284862848629, 0.12566125661256614, 0.02572025720257203, 0.0, 0.0], [0.8163781637816379, 0.14525145251452515, 0.038380383803838035, 0.0, 0.0], [0.5428554285542855, 0.27763277632776323, 0.12177121771217712, 0.024960249602496022, 0.032790327903279036], [0.1921619216192162, 0.3472534725347253, 0.27333273332733327, 0.18278182781827818, 0.004480044800448004], [0.03530035300353004, 0.18620186201862018, 0.15190151901519017, 0.2701627016270163, 0.35644356443564434], [2.000020000200002e-05, 0.025700257002570025, 0.025470254702547022, 0.06419064190641906, 0.8846288462884628], [2.000020000200002e-05, 0.03079030790307903, 0.06846068460684607, 0.04414044140441404, 0.8565985659856599], [2.000020000200002e-05, 0.005440054400544005, 0.01056010560105601, 0.07006070060700606, 0.9139291392913929]]}
