{"exec": [[5.608739997747534, 3], [35.032858312441846, 19], [109.80366013827117, 44], [135.06022377357053, 35], [121.78773887667012, 24], [38.15887900553564, 8]], "completion": [[5.608739997747534, 3], [35.032858312441846, 19], [110.18942494845271, 44], [153.71492156498516, 35], [412.61942709662173, 24], [137.6754408454311, 8]], "reject": [[13, 0], [29, 0], [54, 0], [45, 0], [82, 48], [97, 79]]}
