{"exec": [[14.735713895579067, 8], [60.440173249636416, 31], [111.58873022819529, 49], [226.23018636365725, 49], [123.98070738971714, 24], [38.7048564143285, 8]], "completion": [[14.735713895579067, 8], [60.57636110235197, 31], [111.88575771904384, 49], [325.4297284948378, 49], [233.58211970592646, 24], [78.67310214690582, 8]], "reject": [[12, 0], [35, 0], [53, 0], [59, 6], [82, 54], [92, 80]]}
