{"exec": [[11.240813872402924, 6], [9.303393113422942, 5], [19.14552359968738, 10], [33.178847615810255, 14], [78.85738941568682, 27], [119.00626155345779, 29], [94.7844577325838, 19], [64.65534796641086, 13], [39.204054061839244, 8], [24.14828313105296, 5]], "completion": [[11.240813872402924, 6], [9.303393113422942, 5], [19.175819856740365, 10], [33.2608328189968, 14], [80.76762017596361, 27], [123.89194442619169, 29], [164.12982376314181, 19], [124.83878720214152, 13], [75.36537400144522, 8], [45.439782397672985, 5]], "reject": [[10, 0], [9, 0], [14, 0], [18, 0], [31, 0], [33, 0], [33, 10], [35, 18], [48, 36], [46, 37]], "qpu_usage": [[0.954439544395444, 0.04557045570455705, 0.0, 0.0, 0.0], [0.8787487874878748, 0.12126121261212612, 0.0, 0.0, 0.0], [0.7744577445774457, 0.2006720067200672, 0.02488024880248802, 0.0, 0.0], [0.7095670956709567, 0.23130231302313026, 0.02661026610266103, 0.03253032530325303, 0.0], [0.4421344213442134, 0.27529275292752925, 0.15331153311533116, 0.08406084060840607, 0.04521045210452104], [0.0880708807088071, 0.15126151261512616, 0.15970159701597017, 0.3087830878308783, 0.2921929219292193], [2.0000200002000023e-05, 0.021450214502145026, 0.032150321503215035, 0.0889008890088901, 0.8574885748857489], [2.000020000200002e-05, 0.05339053390533906, 0.04625046250462505, 0.03615036150361504, 0.8641986419864199], [2.000020000200002e-05, 0.0044700447004470045, 0.058670586705867056, 0.1434514345143451, 0.7933979339793398], [2.000020000200002e-05, 0.09422094220942209, 0.009570095700957008, 0.09564095640956409, 0.8005580055800559]]}
