{"exec": [[167.8480322630457, 90], [257.7740668410076, 133], [356.9253191755748, 181], [496.0344578361841, 227], [664.191814883342, 260], [1300.806436280706, 316], [1162.0388022841514, 223], [654.7314793465957, 126], [368.524818854959, 71], [196.98275673010585, 38]], "completion": [[167.9228658456297, 90], [258.0309348695652, 133], [357.34980198549846, 181], [499.374846327977, 227], [669.8876500284373, 260], [1599.3440209608532, 316], [2006.1385347378457, 223], [1260.414779842943, 126], [726.8530130077114, 71], [392.4627410814184, 38]], "reject": [[94, 0], [137, 0], [185, 0], [231, 0], [264, 0], [329, 9], [347, 120], [413, 283], [431, 356], [514, 472]]}
