{"exec": [1.856728608900217, 2.004604050004531, 2.100401177324575, 1.9099764110023347, 4.7920771640560895, 5.032133415308932], "completion": [1.856728608900217, 2.012054407007799, 2.1016055576131607, 1.9195236719114879, 8.97815392199358, 9.872889935001467]}
