{"exec": [[357.8674556697119, 185], [512.7945172228747, 261], [771.6058415102847, 367], [1110.6781069762576, 467], [1711.9077049608427, 540], [2546.0503520938337, 534], [1852.2216310030742, 355], [1136.4994017049735, 218], [682.1994328519056, 131], [410.9791910035312, 79]], "completion": [[358.08825459177, 185], [513.4182563470436, 261], [773.5357140369688, 367], [1123.9996567224184, 467], [1853.973834511422, 540], [3683.175430707114, 534], [3393.359765231424, 355], [2166.941004005109, 218], [1336.0815934745985, 131], [817.6027233081621, 79]], "reject": [[189, 0], [265, 0], [371, 0], [471, 0], [544, 0], [606, 68], [706, 347], [814, 592], [876, 741], [935, 852]], "qpu_usage": [[0.9290892908929089, 0.06681066810668107, 0.003410034100341003, 0.0005600056000560005, 0.00014000140001400012], [0.8807488074880748, 0.1080510805108051, 0.010340103401034011, 0.0008700087000870008, 0.0], [0.7687676876768768, 0.18894188941889417, 0.03432034320343203, 0.0074100741007410076, 0.0005700057000570005], [0.5768757687576875, 0.2867028670286703, 0.09158091580915809, 0.03519035190351904, 0.00966009660096601], [0.31622316223162233, 0.30577305773057734, 0.15106151061510617, 0.08125081250812509, 0.14570145701457016], [0.05276052760527605, 0.062030620306203064, 0.07377073770737708, 0.08220082200822008, 0.7292472924729247], [2.000020000200002e-05, 0.0014700147001470013, 0.0033500335003350036, 0.005440054400544006, 0.989729897298973], [2.000020000200002e-05, 0.0027200272002720024, 0.003120031200312003, 0.006680066800668007, 0.9874698746987469], [2.000020000200002e-05, 0.0022400224002240023, 0.003740037400374004, 0.01002010020100201, 0.983989839898399], [2.000020000200002e-05, 0.002120021200212002, 0.0017600176001760018, 0.025700257002570025, 0.970409704097041]]}
