{"exec": [[9.292000885550692, 5], [50.03396333202579, 26], [59.739399962992266, 26], [267.81043836441427, 52], [122.68788530190102, 24], [37.148443570623854, 8]], "completion": [[9.292000885550692, 5], [50.10023944112987, 26], [59.984074537597465, 26], [543.5819876188813, 52], [420.4493092773138, 24], [136.5135287843932, 8]], "reject": [[15, 0], [36, 0], [36, 0], [62, 0], [88, 54], [107, 89]]}
