{"exec": [1.885569701617871, 1.8357458389649324, 2.4626050275727986, 3.8253411734981264, 4.419276926125373, 4.8487221124618065], "completion": [1.8869338716355117, 1.8357458389649324, 2.47146595870689, 4.248953168012593, 7.930815948857957, 9.740690680614138]}
