{"exec": [[7.439647385294165, 4], [36.046745741530685, 18], [80.60657300805619, 36], [171.41805982278814, 41], [122.05074356748003, 24], [44.15299842819627, 9]], "completion": [[7.439647385294165, 4], [36.1050877884644, 18], [80.79580618569003, 36], [192.013536854175, 41], [412.2597757647882, 24], [156.32515592781533, 9]], "reject": [[14, 0], [28, 0], [46, 0], [51, 0], [87, 53], [87, 68]]}
