{"exec": [[16.5983616620303, 9], [53.18959605656559, 25], [106.08877478130907, 47], [300.390622800139, 59], [121.38398843756306, 24], [38.37809536668976, 8]], "completion": [[16.5983616620303, 9], [53.30359788610076, 25], [106.37590866410791, 47], [720.8456184173785, 59], [394.6055886613351, 24], [138.10357408672374, 8]], "reject": [[19, 0], [35, 0], [57, 0], [69, 0], [65, 31], [92, 74]]}
