{"exec": [[16.658977308639464, 9], [61.0935118800335, 32], [120.88108450096483, 46], [236.35440164946934, 53], [116.49718325934447, 23], [40.851536030280975, 8]], "completion": [[16.658977308639464, 9], [61.12343733337477, 32], [121.61875571584976, 46], [303.2617142265762, 53], [214.7178550628821, 23], [80.87172389328907, 8]], "reject": [[13, 0], [36, 0], [50, 0], [58, 1], [62, 35], [92, 80]]}
