{"exec": [[185.17003134400656, 99], [261.70931640647586, 138], [388.2260048696986, 195], [471.9900920368966, 222], [798.4299598195597, 290], [1057.0861909346056, 281], [994.6047068657325, 191], [544.8501423899847, 105], [362.32652512072946, 70], [196.11310021917984, 38]], "completion": [[185.21633253027974, 99], [261.8104596289751, 138], [388.6142680919302, 195], [473.21923772431944, 222], [806.7868167145637, 290], [1244.0327203095815, 281], [1799.84028657061, 191], [1041.2418015783833, 105], [711.6446899808409, 70], [390.8420907053751, 38]], "reject": [[103, 0], [142, 0], [199, 0], [226, 0], [294, 0], [293, 8], [329, 134], [374, 265], [429, 355], [521, 479]]}
