{"exec": [[22.019654310872056, 11], [11.263495568019266, 6], [123.73979983723449, 47], [147.1103884986574, 40], [105.60150636778337, 21], [42.603625789819276, 9]], "completion": [[22.031863275827504, 11], [11.268688301347225, 6], [125.1473047417051, 47], [172.72898970025796, 40], [357.21034334264533, 21], [156.41939681819503, 9]], "reject": [[21, 0], [16, 0], [57, 0], [50, 0], [76, 45], [106, 87]]}
