{"exec": [[0, 0], [52.72640970827399, 27], [110.47269597812794, 44], [230.99939581738334, 49], [94.03401178617938, 19], [37.20871764756807, 8]], "completion": [[0, 0], [52.80797676445741, 27], [110.862241109288, 44], [393.8820183379738, 49], [325.68526542118707, 19], [139.04082828413084, 8]], "reject": [[10, 0], [37, 0], [54, 0], [59, 0], [69, 40], [92, 74]]}
