{"exec": [[24.2033765646122, 13], [44.93114646618245, 23], [81.41530670024417, 39], [302.52182743980444, 60], [116.52551244059345, 23], [38.80466712759409, 8]], "completion": [[24.2033765646122, 13], [44.96914906619805, 23], [81.5594062140081, 39], [417.1023413025988, 60], [212.50022408828394, 23], [79.17843796357973, 8]], "reject": [[17, 0], [27, 0], [43, 0], [70, 6], [87, 60], [82, 70]]}
