{"exec": [[25.74189285959315, 14], [73.5360252381391, 36], [108.50708311381192, 42], [215.29867702610034, 46], [122.40851796811373, 24], [43.85436160816698, 9]], "completion": [[25.74189285959315, 14], [73.58899996438035, 36], [111.15628596262205, 42], [332.6567775836826, 46], [225.30180205728047, 24], [88.0183743217809, 9]], "reject": [[18, 0], [40, 0], [46, 0], [67, 17], [77, 49], [99, 86]]}
