{"exec": [[24.744207080839715, 12], [44.26020240916745, 23], [92.13563408145683, 41], [172.0706816481304, 42], [122.06365736917203, 24], [36.44462552572553, 8]], "completion": [[24.781767188123922, 12], [44.26101133580585, 23], [92.35306395148785, 41], [200.19053835257665, 42], [408.3981077379933, 24], [134.17508681279915, 8]], "reject": [[22, 0], [33, 0], [51, 0], [52, 0], [74, 40], [85, 67]]}
