{"exec": [[170.12993782048034, 92], [269.92804267291046, 142], [358.92800623119297, 185], [417.23278551965547, 198], [672.9382996635936, 263], [1132.3459632047116, 306], [1159.6129335705289, 223], [655.6627275274801, 126], [366.20123193489223, 71], [205.21333424040048, 40]], "completion": [[170.12993782048034, 92], [270.1101177446741, 142], [359.26958165476503, 185], [418.0192947138966, 198], [677.5236274859394, 263], [1257.1777583048306, 306], [2051.953137269158, 223], [1253.87961665696, 126], [721.7775266969277, 71], [410.5588943800374, 40]], "reject": [[96, 0], [146, 0], [189, 0], [202, 0], [267, 0], [310, 0], [390, 163], [415, 285], [446, 371], [499, 455]]}
