{"exec": [[171.38676347948345, 92], [253.87784045184034, 135], [358.2771758860083, 182], [392.4040297564555, 179], [621.1778579762932, 245], [977.0978218354734, 280], [1151.1284844182837, 222], [656.3111242801456, 126], [361.44115002456624, 70], [194.2660970461106, 38]], "completion": [[171.46755074341777, 92], [253.9877647604351, 135], [358.64140916713234, 182], [393.33981122545333, 179], [624.1029818035795, 245], [1103.6186460179292, 280], [1956.426430295172, 222], [1239.5306958611366, 126], [712.5058145020607, 70], [388.80528307060996, 38]], "reject": [[96, 0], [139, 0], [186, 0], [183, 0], [249, 0], [284, 0], [338, 112], [419, 289], [438, 364], [467, 425]]}
