{"exec": [[12.848725586506433, 7], [20.433159506291418, 10], [25.01449843622423, 13], [44.95488423831268, 19], [41.08169346228082, 16], [96.45473528331405, 25], [118.04213430643338, 23], [72.63278920730872, 14], [41.31903323041375, 8], [19.977850086685216, 4]], "completion": [[12.848725586506433, 7], [20.480157705959385, 10], [25.04341113366189, 13], [45.08673927759997, 19], [41.274095140924544, 16], [100.77634312986487, 25], [173.82115306221965, 23], [126.49658490685945, 14], [79.57687144801442, 8], [39.61539142572708, 4]], "reject": [[11, 0], [14, 0], [17, 0], [23, 0], [20, 0], [29, 0], [29, 2], [32, 14], [41, 29], [44, 36]], "qpu_usage": [[0.9573395733957338, 0.04267042670426704, 0.0, 0.0, 0.0], [0.9019890198901989, 0.07844078440784408, 0.01958019580195802, 0.0, 0.0], [0.8022680226802268, 0.1852618526185262, 0.012480124801248013, 0.0, 0.0], [0.6993869938699386, 0.21400214002140022, 0.026940269402694027, 0.05087050870508705, 0.008810088100881009], [0.5520455204552046, 0.25948259482594827, 0.1046210462104621, 0.07008070080700808, 0.013780137801378014], [0.1830018300183002, 0.22824228242282424, 0.16372163721637217, 0.17316173161731618, 0.25188251882518825], [2.000020000200002e-05, 0.029890298902989026, 0.041200412004120036, 0.06558065580655806, 0.8633186331863318], [2.000020000200002e-05, 0.026100261002610026, 0.05200052000520005, 0.08810088100881008, 0.8337883378833788], [2.000020000200002e-05, 0.01240012400124001, 0.02186021860218602, 0.019780197801978018, 0.9459494594945949], [2.000020000200002e-05, 0.015530155301553016, 0.01107011070110701, 0.07008070080700807, 0.903309033090331]]}
