{"exec": [[30.015302991519604, 16], [63.75149892414354, 32], [121.89404101090886, 51], [244.34958713292275, 50], [89.37016818046092, 18], [43.84724398737144, 9]], "completion": [[30.030789452489387, 16], [63.8097722570106, 32], [122.25986790845224, 51], [388.728754138222, 50], [173.54537614588023, 18], [88.61403945084331, 9]], "reject": [[20, 0], [36, 0], [55, 0], [60, 6], [74, 52], [108, 95]]}
