{"exec": [[165.76077210796456, 88], [280.1343589043359, 146], [293.6461386049288, 148], [491.07913904443603, 232], [630.4711232595091, 256], [1159.594152439448, 295], [1129.1397409622753, 218], [659.9186937247052, 127], [359.24054764812064, 69], [204.8506775396358, 40]], "completion": [[165.79241701108225, 88], [280.31992773368705, 146], [293.9821989712292, 148], [492.17659470682804, 232], [641.0121094174987, 256], [1356.017357015412, 295], [1989.8958362847488, 218], [1259.9200610859225, 127], [698.2656911297506, 69], [410.6839650970802, 40]], "reject": [[92, 0], [150, 0], [152, 0], [236, 0], [260, 0], [303, 4], [378, 156], [391, 260], [428, 355], [496, 452]]}
