{"exec": [1.8992810317337405, 1.9792455780325202, 2.26194565967906, 4.885544984033755, 4.035950599532476, 4.860447879209847], "completion": [1.9000445925935183, 1.981058471113327, 2.269144447372615, 6.606678577246358, 8.423520343338144, 9.683778327913432]}
