{"exec": [[12.989124942867647, 7], [36.28439911849905, 19], [62.07394994325976, 28], [289.0114340444561, 56], [121.80826117578408, 24], [37.82042089804061, 8]], "completion": [[12.989124942867647, 7], [36.30611136670119, 19], [62.202033928824946, 28], [592.7744830599248, 56], [398.3075528187555, 24], [139.28062298582398, 8]], "reject": [[17, 0], [29, 0], [38, 0], [66, 0], [76, 42], [98, 80]]}
