{"exec": [[26.535053760793403, 14], [40.10249531242981, 21], [116.37719472463762, 44], [247.53184139255762, 53], [122.01767477818689, 24], [43.92724208683312, 9]], "completion": [[26.542469523781847, 14], [40.12540929067653, 21], [121.05270430494545, 44], [346.1188117705355, 53], [413.7626993418318, 24], [154.34146818371815, 9]], "reject": [[24, 0], [31, 0], [54, 0], [63, 0], [85, 51], [90, 71]]}
