{"exec": [[3.6697189444544165, 2], [39.113253978399825, 21], [69.15686853428045, 32], [295.02431480188216, 57], [117.16467798184732, 23], [38.927080457293506, 8]], "completion": [[3.6697189444544165, 2], [39.12839092619197, 21], [69.27912754826119, 32], [799.6913045089323, 57], [382.57049494764476, 23], [138.32659006503258, 8]], "reject": [[12, 0], [31, 0], [42, 0], [76, 9], [55, 22], [104, 86]]}
