{"exec": [1.8651226790978015, 1.851498588911192, 3.0304280706204265, 4.897687765470339, 4.8690046186907905, 4.927109658043815], "completion": [1.8651226790978015, 1.851498588911192, 3.04231729438884, 8.647115324298424, 8.402555286660512, 9.453508710303929]}
