{"exec": [[376.2862885842602, 198], [541.1278425136246, 273], [765.1461685904834, 365], [1139.7318742511438, 457], [1822.6916061033703, 559], [2530.8869503281885, 512], [1779.2726379008177, 341], [1135.3801311060463, 218], [655.91642639043, 126], [404.5440543265378, 78]], "completion": [[376.44543304137346, 198], [541.7520425251641, 273], [766.5866106734317, 365], [1164.1387927734818, 457], [1946.2730009060006, 559], [3849.238551165251, 512], [3279.2993805970173, 341], [2185.6453415158244, 218], [1288.6176898351898, 126], [807.7840700709132, 78]], "reject": [[202, 0], [277, 0], [369, 0], [461, 0], [566, 3], [617, 101], [723, 378], [790, 568], [913, 783], [1040, 958]], "qpu_usage": [[0.927749277492775, 0.06936069360693607, 0.002900029000290003, 0.0, 0.0], [0.8664586645866459, 0.11911119111191112, 0.013730137301373013, 0.0007100071000710008, 0.0], [0.7754277542775426, 0.18138181381813817, 0.03636036360363603, 0.006070060700607005, 0.0007700077000770007], [0.6010860108601086, 0.25732257322573227, 0.08497084970849708, 0.037880378803788035, 0.018750187501875015], [0.3084030840308403, 0.26536265362653627, 0.15951159511595117, 0.12632126321263212, 0.14041140411404113], [0.019960199601996017, 0.03993039930399304, 0.04050040500405004, 0.07368073680736807, 0.8259382593825939], [2.000020000200002e-05, 0.0037000370003700037, 0.009190091900919007, 0.004680046800468005, 0.9824198241982419], [2.000020000200002e-05, 0.0010500105001050011, 0.004300043000430004, 0.0035900359003590036, 0.9910499104991048], [2.000020000200002e-05, 0.001020010200102001, 0.008210082100821008, 0.002820028200282003, 0.987939879398794], [2.000020000200002e-05, 0.006260062600626007, 0.005400054000540005, 0.0061800618006180065, 0.982149821498215]]}
