{"exec": [[13.043096271377209, 7], [6.870263673540009, 3], [33.62683624652544, 13], [68.47163131796874, 15], [70.48034581601131, 14], [47.85535185458676, 10]], "completion": [[13.043096271377209, 7], [6.897107579965791, 3], [33.73158865492938, 13], [82.33145091704309, 15], [197.36015694498647, 14], [134.7017365563158, 10]], "reject": [[11, 0], [7, 0], [17, 0], [19, 0], [24, 6], [31, 17]], "qpu_usage": [[0.94309943099431, 0.056910569105691054, 0.0, 0.0, 0.0], [0.8959289592895929, 0.08650086500865009, 0.017580175801758018, 0.0, 0.0], [0.6279762797627977, 0.26087260872608725, 0.03957039570395704, 0.07159071590715907, 0.0], [0.06511065110651107, 0.1728517285172852, 0.06861068610686108, 0.22436224362243623, 0.46907469074690755], [2.000020000200002e-05, 0.03428034280342804, 0.04071040710407104, 0.00992009920099201, 0.9150791507915079], [2.000020000200002e-05, 0.03274032740327403, 0.08614086140861407, 0.014820148201482015, 0.8662886628866288]]}
