{"exec": [[15.025174204600773, 8], [15.452097569398802, 8], [18.758086631508334, 10], [38.09625795796017, 17], [84.55872126570124, 30], [87.16513729472723, 21], [105.06373793105892, 21], [65.91415585021574, 13], [40.01139644321872, 8], [22.391713302439268, 5]], "completion": [[15.046547230520218, 8], [15.465531126703695, 8], [18.758086631508334, 10], [38.174489937288634, 17], [86.02237191080359, 30], [99.94588992304816, 21], [186.94920926940313, 21], [123.77233240831544, 13], [78.2797380163675, 8], [45.60384132528093, 5]], "reject": [[12, 0], [12, 0], [14, 0], [21, 0], [34, 0], [25, 0], [36, 11], [39, 22], [44, 32], [48, 39]], "qpu_usage": [[0.934189341893419, 0.06361063610636107, 0.0022100221002210024, 0.0, 0.0], [0.938069380693807, 0.057400574005740064, 0.004540045400454005, 0.0, 0.0], [0.8729587295872958, 0.12705127051270512, 0.0, 0.0, 0.0], [0.7362773627736277, 0.2248122481224812, 0.012570125701257012, 0.026350263502635023, 0.0], [0.34265342653426534, 0.2740727407274073, 0.2146421464214642, 0.1092410924109241, 0.059400594005940055], [0.14737147371473713, 0.22766227662276622, 0.11757117571175713, 0.12255122551225511, 0.38485384853848537], [2.000020000200002e-05, 0.015720157201572018, 0.047320473204732046, 0.04280042800428005, 0.8941489414894148], [2.000020000200002e-05, 0.06027060270602706, 0.005130051300513005, 0.0069200692006920065, 0.9276692766927669], [2.000020000200002e-05, 0.041980419804198046, 0.019300193001930022, 0.054000540005400055, 0.8847088470884709], [2.000020000200002e-05, 0.10080100801008011, 0.034890348903489035, 0.09574095740957411, 0.7685576855768559]]}
