{"exec": [[5.526542461623308, 3], [65.19556125978262, 31], [84.94359933086977, 36], [308.6028736242888, 60], [96.12025029810302, 19], [39.06102860401708, 8]], "completion": [[5.526542461623308, 3], [65.31272176684193, 31], [85.25418226447384, 36], [823.7188672311477, 60], [312.0501139353033, 19], [138.35454413490726, 8]], "reject": [[13, 0], [41, 0], [46, 0], [75, 5], [63, 34], [97, 79]]}
