{"exec": [[17.787432227392173, 9], [30.952385369385553, 15], [86.8092338782437, 39], [269.2513174224184, 57], [80.36344084195089, 16], [36.648122834409875, 8]], "completion": [[17.816340036192855, 9], [30.97634630555072, 15], [87.10065429652758, 39], [372.1372720503121, 57], [265.1707305541584, 16], [134.41078103667562, 8]], "reject": [[19, 0], [25, 0], [49, 0], [67, 0], [59, 33], [91, 73]]}
