{"exec": [[17.906649682475148, 9], [14.734283938285287, 8], [19.963465078156773, 10], [49.319831291410175, 24], [41.235465980473336, 20], [50.38925391970208, 20], [112.33054577197782, 22], [53.5312778112053, 11], [38.60302273574471, 8], [22.978664592498802, 5]], "completion": [[17.92913081772454, 9], [14.734283938285287, 8], [19.979460326838954, 10], [49.40399841694518, 24], [41.35298553689297, 20], [50.58622060309164, 20], [172.6992080769335, 22], [103.7322698502069, 11], [73.22891256858273, 8], [46.036384490415486, 5]], "reject": [[13, 0], [12, 0], [14, 0], [28, 0], [24, 0], [24, 0], [35, 9], [33, 18], [45, 33], [47, 38]], "qpu_usage": [[0.9428394283942839, 0.05160051600516005, 0.005570055700557006, 0.0, 0.0], [0.9125691256912568, 0.08744087440874408, 0.0, 0.0, 0.0], [0.8019880198801989, 0.16647166471664718, 0.031550315503155034, 0.0, 0.0], [0.6284062840628407, 0.2961029610296103, 0.07550075500755007, 0.0, 0.0], [0.5252352523525236, 0.39785397853978544, 0.07692076920769209, 0.0, 0.0], [0.3098430984309843, 0.3206632066320663, 0.30933309333093334, 0.06017060170601706, 0.0], [2.000020000200002e-05, 0.03470034700347003, 0.03053030530305303, 0.05569055690556905, 0.8790687906879069], [2.000020000200002e-05, 0.046820468204682046, 0.031110311103111028, 0.12540125401254013, 0.7966579665796657], [2.000020000200002e-05, 0.062170621706217066, 0.046080460804608044, 0.051240512405124054, 0.8404984049840499], [2.000020000200002e-05, 0.1187911879118791, 0.03795037950379503, 0.006410064100641006, 0.8368383683836839]]}
