{"exec": [1.9430213097249762, 1.8408065623686969, 2.0304493770849223, 4.778114302844317, 4.50793127638916, 4.726286134511981], "completion": [1.9443042123191532, 1.8408065623686969, 2.0350489602917863, 7.585421293481999, 8.393009222800284, 9.452016728629339]}
