{"exec": [1.8322467499821329, 1.8763857355063869, 2.322125142850995, 2.0254414312299507, 4.723477333083697, 5.006488489299997], "completion": [1.8322467499821329, 1.8763857355063869, 2.3301468699952426, 2.026396110467333, 8.272431389838827, 9.788935232541512]}
