{"exec": [[381.91239778334244, 194], [502.1877484143404, 257], [749.4241916365678, 354], [1128.9838191195463, 477], [1635.1793438275688, 533], [2556.252530447834, 523], [1776.86993304011, 340], [1105.1273466172472, 212], [682.5410032695677, 131], [405.41225848282716, 78]], "completion": [[382.69371798756896, 194], [502.77275016836234, 257], [751.735741415495, 354], [1144.15900350917, 477], [1736.7246509840022, 533], [3819.366691036228, 523], [3214.0489768349526, 340], [2129.6041131332604, 212], [1344.2989123864866, 131], [806.5933704967616, 78]], "reject": [[198, 0], [261, 0], [358, 0], [481, 0], [538, 1], [638, 111], [700, 356], [816, 600], [900, 765], [1011, 929]], "qpu_usage": [[0.929229292292923, 0.06559065590655908, 0.004060040600406004, 0.0006100061000610007, 0.0005200052000520005], [0.88339883398834, 0.1052110521105211, 0.011400114001140011, 0.0, 0.0], [0.7805678056780567, 0.17839178391783916, 0.03325033250332503, 0.0062400624006240055, 0.0015600156001560014], [0.5392053920539206, 0.31743317433174334, 0.09990099900999011, 0.02793027930279303, 0.015540155401554016], [0.3344433444334443, 0.2757927579275793, 0.17366173661736617, 0.11728117281172812, 0.09883098830988309], [0.04727047270472705, 0.05327053270532705, 0.04634046340463404, 0.06859068590685906, 0.7845378453784538], [2.000020000200002e-05, 0.002010020100201002, 0.0013600136001360014, 0.007020070200702008, 0.9895998959989599], [2.000020000200002e-05, 0.007410074100741007, 0.00028000280002800023, 0.009060090600906009, 0.9832398323983239], [2.000020000200002e-05, 0.004930049300493005, 0.002880028800288003, 0.007170071700717007, 0.985009850098501], [2.0000200002000023e-05, 0.011600116001160012, 0.002860028600286003, 0.005800058000580006, 0.979729797297973]]}
