{"exec": [[18.37917514430046, 10], [49.92810638614222, 26], [63.57757853993662, 28], [245.28514404753275, 55], [114.63381027216326, 23], [37.38566937884147, 8]], "completion": [[18.37917514430046, 10], [49.98371262000961, 26], [63.82687652623113, 28], [401.8558878270946, 55], [399.3872470923137, 23], [137.44742513078268, 8]], "reject": [[20, 0], [36, 0], [38, 0], [65, 0], [89, 56], [97, 79]]}
