{"exec": [[321.683126586549, 169], [569.5395764473678, 290], [843.8665069922602, 397], [1109.1601968637008, 446], [1482.4014622259153, 500], [2588.4749550376728, 525], [1851.4753557906806, 355], [1100.2263522004557, 211], [665.8068956054216, 128], [402.3665250920643, 78]], "completion": [[321.8322878637337, 169], [570.2357934374975, 290], [845.7129170086374, 397], [1130.8673535153714, 446], [1536.4277508218383, 500], [3747.7139075910827, 525], [3373.268849471923, 355], [2114.508859074508, 211], [1309.5459298378705, 128], [803.6433297491058, 78]], "reject": [[173, 0], [294, 0], [401, 0], [450, 0], [504, 0], [614, 85], [734, 375], [806, 591], [897, 765], [1022, 940]], "qpu_usage": [[0.9368493684936849, 0.06049060490604906, 0.0026700267002670026, 0.0, 0.0], [0.8594285942859429, 0.12938129381293814, 0.00904009040090401, 0.002160021600216002, 0.0], [0.7565575655756558, 0.19212192121921218, 0.04356043560435604, 0.006970069700697006, 0.0008000080000800008], [0.5681656816568165, 0.2803628036280363, 0.0942009420094201, 0.03467034670346703, 0.02261022610226102], [0.36778367783677834, 0.28788287882878827, 0.16037160371603715, 0.1079510795107951, 0.07602076020760207], [0.021570215702157024, 0.04436044360443605, 0.04222042220422204, 0.07212072120721208, 0.8197381973819738], [2.000020000200002e-05, 0.0036300363003630037, 0.0006200062000620007, 0.008320083200832008, 0.987419874198742], [2.000020000200002e-05, 0.0013600136001360014, 0.007360073600736008, 0.01055010550105501, 0.9807198071980721], [2.000020000200002e-05, 0.002320023200232002, 0.00899008990089901, 0.007730077300773008, 0.980949809498095], [2.000020000200002e-05, 0.00897008970089701, 0.007590075900759008, 0.009450094500945009, 0.9739797397973979]]}
