{"exec": [[3.6875536889584737, 2], [13.005963832736953, 7], [24.00544594539668, 13], [36.93568404174543, 17], [39.72293982166768, 13], [128.12369571477376, 27], [117.92935162110112, 23], [64.31247830632448, 13], [39.58803271265852, 8], [22.398296885328612, 5]], "completion": [[3.6875536889584737, 2], [13.005963832736953, 7], [24.00544594539668, 13], [37.01449645732171, 17], [39.85901482769979, 13], [171.2407311541472, 27], [197.65077798858644, 23], [124.57219990866042, 13], [72.67286845764106, 8], [46.39618505473999, 5]], "reject": [[6, 0], [11, 0], [17, 0], [21, 0], [17, 0], [33, 2], [31, 4], [38, 21], [41, 29], [44, 35]], "qpu_usage": [[0.972339723397234, 0.02767027670276703, 0.0, 0.0, 0.0], [0.9375593755937559, 0.06245062450624506, 0.0, 0.0, 0.0], [0.8580285802858029, 0.13648136481364812, 0.005500055000550006, 0.0, 0.0], [0.7544475444754448, 0.1861818618186182, 0.056970569705697055, 0.0024100241002410023, 0.0], [0.31168311683116834, 0.3094930949309493, 0.17834178341783416, 0.13816138161381614, 0.062330623306233054], [0.11847118471184712, 0.1260612606126061, 0.11843118431184312, 0.06317063170631707, 0.5738757387573875], [2.000020000200002e-05, 0.01984019840198402, 0.004370043700437004, 0.07885078850788509, 0.8969289692896928], [2.000020000200002e-05, 0.009310093100931009, 0.027460274602746023, 0.06770067700677007, 0.8955189551895518], [2.000020000200002e-05, 0.04868048680486805, 0.053380533805338054, 0.04875048750487505, 0.8491784917849178], [2.000020000200002e-05, 0.13196131961319613, 0.03773037730377304, 0.006380063800638006, 0.8239182391823918]]}
