{"exec": [[8.159394849685668, 4], [52.02666887379476, 27], [101.79275727257973, 44], [212.825220056638, 48], [111.04159983471015, 22], [36.74995031071118, 8]], "completion": [[8.190512701151988, 4], [52.07616909716296, 27], [102.10770221784125, 44], [324.0825024019638, 48], [377.32704198436534, 22], [137.4154039926701, 8]], "reject": [[14, 0], [37, 0], [54, 0], [58, 0], [81, 49], [93, 75]]}
