{"exec": [[175.412769529455, 94], [287.9063267950709, 143], [337.89401136863097, 169], [462.50832060146286, 217], [609.6113514512322, 254], [1201.467851205411, 295], [1160.3816821420821, 223], [595.3345217413976, 114], [358.9689436496563, 69], [207.19021993328846, 40]], "completion": [[175.4401282650064, 94], [288.17993499170854, 143], [338.28553393113754, 169], [463.504365625279, 217], [612.409277586191, 254], [1460.9831882353837, 295], [2025.9317614453998, 223], [1145.3771241845006, 114], [707.0223640367316, 69], [412.04458910640034, 40]], "reject": [[98, 0], [147, 0], [173, 0], [221, 0], [258, 0], [305, 6], [347, 120], [412, 294], [478, 405], [473, 429]]}
