{"exec": [[332.3379492871356, 175], [559.2788494168046, 286], [765.0708072827733, 366], [1070.8959736062484, 449], [1434.8948417219156, 505], [2667.557782281335, 546], [1841.6410846536544, 353], [1131.0259162036616, 217], [667.224477627122, 128], [400.1508293561769, 77]], "completion": [[332.5426361533036, 175], [559.9195862902152, 286], [766.5505405862483, 366], [1083.145612616533, 449], [1478.5445803986838, 505], [3878.876149840437, 546], [3373.8977064107576, 353], [2176.691315292303, 217], [1311.2544401200175, 128], [795.269328099028, 77]], "reject": [[179, 0], [290, 0], [370, 0], [453, 0], [509, 0], [628, 78], [734, 377], [807, 586], [893, 761], [992, 911]], "qpu_usage": [[0.9348193481934819, 0.06250062500625006, 0.0026900269002690025, 0.0, 0.0], [0.8615186151861519, 0.1257112571125711, 0.012370123701237011, 0.00041000410004100044, 0.0], [0.7679476794767948, 0.18792187921879222, 0.03831038310383104, 0.0058300583005830055, 0.0], [0.5807858078580787, 0.2853728537285373, 0.0891008910089101, 0.02736027360273603, 0.01739017390173902], [0.3505035050350504, 0.3172931729317294, 0.17257172571725718, 0.08950089500895009, 0.07014070140701407], [0.02060020600206002, 0.034720347203472036, 0.05936059360593606, 0.07854078540785409, 0.8067880678806789], [2.000020000200002e-05, 0.0013500135001350015, 0.002930029300293003, 0.0060300603006030054, 0.989679896798968], [2.000020000200002e-05, 0.002960029600296003, 0.001920019200192002, 0.007580075800758007, 0.9875298752987529], [2.000020000200002e-05, 0.0012300123001230013, 0.004300043000430004, 0.0034400344003440034, 0.9910199101991021], [2.000020000200002e-05, 0.0029500295002950028, 0.005140051400514005, 0.01097010970109701, 0.980929809298093]]}
