{"exec": [[11.041639060286627, 6], [18.517026632683724, 10], [29.53736858651247, 13], [41.61484789260075, 20], [89.9160363515515, 28], [106.94265155354596, 28], [117.04985006692395, 23], [74.67667515341331, 15], [40.45450932760106, 8], [19.580792983993707, 4]], "completion": [[11.041639060286627, 6], [18.517026632683724, 10], [29.60192325117356, 13], [41.73162475192484, 20], [98.58650063771134, 28], [114.7157097536107, 28], [199.0774061432334, 23], [142.2414082732261, 15], [75.31291350813417, 8], [39.33116355378464, 4]], "reject": [[10, 0], [14, 0], [17, 0], [24, 0], [32, 0], [32, 0], [33, 6], [38, 19], [40, 28], [53, 45]], "qpu_usage": [[0.9627796277962779, 0.03723037230372304, 0.0, 0.0, 0.0], [0.9068190681906819, 0.09319093190931908, 0.0, 0.0, 0.0], [0.8651586515865158, 0.1086110861108611, 0.017310173101731018, 0.008930089300893009, 0.0], [0.7121071210712107, 0.2319723197231972, 0.055660556605566056, 0.00027000270002700027, 0.0], [0.38158381583815837, 0.19960199601996018, 0.14605146051460513, 0.13616136161361614, 0.13661136611366112], [0.16963169631696318, 0.1926419264192642, 0.18908189081890817, 0.1379413794137941, 0.3107131071310713], [2.000020000200002e-05, 0.036260362603626035, 0.05646056460564605, 0.07081070810708107, 0.8364583645836459], [2.000020000200002e-05, 0.008800088000880009, 0.02020020200202002, 0.13108131081310814, 0.8399083990839908], [2.000020000200002e-05, 0.00912009120091201, 0.024630246302463025, 0.04704047040470405, 0.9191991919919199], [2.000020000200002e-05, 0.003420034200342003, 0.04656046560465604, 0.014830148301483013, 0.9351793517935179]]}
