{"exec": [[13.035423467055011, 7], [34.58048645674081, 18], [114.634785275122, 47], [269.3346175105567, 54], [111.22900280880192, 22], [37.29584628301032, 8]], "completion": [[13.035423467055011, 7], [34.61006672035986, 18], [116.10589461918823, 47], [560.2772205292057, 54], [383.9030045879726, 22], [136.77009073704488, 8]], "reject": [[17, 0], [28, 0], [57, 0], [64, 0], [89, 57], [109, 91]]}
